example_id,customer_message,actual_intent,nearest_reference_intent,similarity_score,nearest_reference_message
1,@AmazonHelp how can you refund back to an account that doesn't exist?!,REFUND,INSUFFICIENT_CONTEXT,0.156,@AmazonHelp How long I have to wait??
2,"@AmazonHelp Current status is On the Way, last location was last night @ 9:16pm at Royal Mail’s National Distribution Centre  : - https://t.co/YY2XiWaC6V",DELIVERY_DELAY,SELLER,0.0942,@AmazonHelp https://t.co/HICb3FSFFT
3,@AmazonHelp The package was left at the house next door that is unoccupied. The driver gave it to a contractor working at the house. Had the seller not returned today who knows when i would have received it. That is unacceptable in my opinion and as a Prime member even more so.,DELIVERY_PROBLEM,DELIVERY_PROBLEM,0.1059,"@AmazonHelp About the 5th time we got a ""attempted delivery"" notification at the end of a day/shift when it clearly/definitely was not the case"
4,"@AmazonHelp Ben oui...plusieurs fois 
Sans résultats",PACKAGE_NOT_RECEIVED,RETURN,0.0382,@AmazonHelp Pour que je puisse me faire rembourser sans problème sur l'article que je dois vous renvoyer que dois-je mettre en raison de renvoi ?
5,@AmazonHelp I've called customer service several times and tried to change the delivery instructions but they won't deliver if I don't answer the door,DELIVERY_INSTRUCTIONS,DELIVERY_PROBLEM,0.101,"@AmazonHelp Shows as ""In Transit: Delivery attempted"", but also says it tried to deliver to a business address, but I don't live at a business address?"
6,@AmazonHelp Yes I have? Nobody left a card or anything. There wasn’t anyone home and you’ve put the status as “delivered to resident” ?? Where is my order?,PACKAGE_NOT_RECEIVED,DELIVERY_TRACKING,0.1296,@AmazonHelp Still don’t have any clue on the status of my order placed 27 days back. What is stopping you to update atleast a status on when and where ?
7,@AmazonHelp Contacted... They have been giving false assurances and unhelpful,CUSTOMER_SERVICE,ORDER_CANCELLATION,0.0763,"@AmazonHelp I have tried to cancel Amazon Prime through customer services but this was unsuccessful, as they could not discuss it with me as I didn't know the email. They have told me to contact my bank, and my bank has raised a Visa dispute, and have told me to inform you of this action."
8,@AmazonHelp Ye the 24 of Dec with a 3-4 days shipping ... No problems 😁,DELIVERY_TRACKING,DELIVERY_TRACKING,0.0725,"@AmazonHelp 3 DAYS, NOT A SINGLE UPDATE OF THE STATUS OF MY ORDER. WHAT THE FUCK IS THIS?"
9,@AmazonHelp USPS,DELIVERY_TRACKING,DELIVERY_TRACKING,0.186,@AmazonHelp Supposed to arrive tomorrow by 8pm via USPS.
10,"@AmazonHelp Spoke to customer services who told me it would be here by 9pm. It's now passed 9pm and still no sign. 2 days overdue now. Wtf are you playing at Amazon, yet again? Where can I put an official complaint in?",DELIVERY_DELAY,DELIVERY_DELAY,0.1076,"@AmazonHelp I ordered a package 11/22 using prime. It was lost/delayed. The initial delay was not an issue. However I need it 12/1. I called today for a way to fix the situation. A replacement was shipped and I was told it would be here 12/1. However, it now scheduled to arrive 12/2."
11,"@AmazonHelp It's out for delivery as of 12:03, the carrier is you guys. I work from home and need lunch but I'd rather not miss the package. 

I'll risk it.",DELIVERY_TRACKING,RESOLUTION_CONFIRMATION,0.1119,@AmazonHelp Hi ya. Not to worry found the answer on your website. It is back out for delivery today. Thanks
12,@AmazonHelp Thank you.,RESOLUTION_CONFIRMATION,CASUAL_ENGAGEMENT,1.0,@AmazonHelp thank you!
13,@AmazonHelp When it’s suppose to get here this week and I need it this week the money is already gone and idk if my order is coming or not,DELIVERY_DELAY,OTHER,0.0984,@AmazonHelp I want to buy 'the four hour work week' but it is beyond my budget.;)
14,"@AmazonHelp Alors je dois pas être doué, mais je clique où pour faire une réclamation sur l'article en question ? https://t.co/nYF5QD3Fxe",CUSTOMER_SERVICE,RETURN,0.2285,@AmazonHelp Pour que je puisse me faire rembourser sans problème sur l'article que je dois vous renvoyer que dois-je mettre en raison de renvoi ?
15,"@AmazonHelp merci beaucoup, appel passé, problème résolu, merci de votre patience !",RESOLUTION_CONFIRMATION,DELIVERY_TRACKING,0.0882,"@AmazonHelp Bonsoir, merci pour votre réponse ! Écoutez, justement, impossible de trouver où que ce soit le nom du livreur, mais j'imagine que c'est GLS"
16,@AmazonHelp Bastards..   Why you cancel order after taking money from customers!!  Using customers money without interest..  Shameful,ORDER_CANCELLATION,FEEDBACK,0.0531,"@AmazonHelp Ok now that just sounds dumb. Not just that I don't get the product I want, but you get less money than you would."
17,@AmazonHelp Issue is resolved and item is being redelivered,PACKAGE_NOT_RECEIVED,PRODUCT_INFORMATION,0.0922,@AmazonHelp @115850 the issue is of not the refund im asking how can you sell such fake products i want a new and original product at my doorstep
18,@AmazonHelp My account is on the NL site.,ACCOUNT,PAYMENT,0.105,@AmazonHelp __email__ this is my account through which i paid for 1 ticket using ampay but amount was deducted for two tickets....
19,"@AmazonHelp es vendido por un externo de amazon, pero es enviado por ustedes.
de igual forma el producto decia que estaba en stock, y se supone que ya lo hayan enviado.. Porfavor ayudarme, he tenido el mismo problema con ustedes siempre, nunca envian los productos a la fecha prometida.",ORDER_DISPATCH,DELIVERY_DELAY,0.1508,"@AmazonHelp Necesito que el producto llegue en la fecha original, 27-10. Gracias."
20,"@AmazonHelp No, ordered yesterday (10/26), expected shipping date is November 7th, it’s in stock, so that kinda defeats the purpose of prime shipping",DELIVERY_DELAY,DELIVERY_DELAY,0.1253,@AmazonHelp I ordered something yesterday and I do have prime and the item was eligible for prime shipping but it says it won’t be here until the 10th
21,@AmazonHelp Did that. Got same response and I'm asked to follow the same steps which I have been doing since 21st September. That's ridiculous!,CUSTOMER_SERVICE,CUSTOMER_SERVICE,0.0893,@AmazonHelp Same standard reply. So now I again have to go thru the same exercise again for what? Classic case study of inefficient and pathetic business operations
22,@AmazonHelp Surely will do. If you just send over a #firestick 😂,DEVICE,CASUAL_ENGAGEMENT,0.079,@AmazonHelp Ok will get back to you in sometime if that's ok with you ??
23,@AmazonHelp It was from .co.uk thank you,RETURN,CASUAL_ENGAGEMENT,0.3403,@AmazonHelp thank you!
24,@AmazonHelp OUI. Via lappli Amazon mobile... Ca va durer longtemps le jeu de se renvoyer la balle la ?,CUSTOMER_SERVICE,PACKAGE_NOT_RECEIVED,0.0598,@AmazonHelp Je n'ai ni l'un ni l'autre mais la notification amazon que le colis est livré
25,@AmazonHelp 35 minutes and still waiting. That's not good customer service is it?  Being lied to and then lied to again....,CUSTOMER_SERVICE,ACCOUNT,0.0747,@AmazonHelp It’s not letting me log in for some reason. Where does the link take me? Customer service?
26,@AmazonHelp No delays. It just didn't ship until today. I ordered it on 10/4 and it was supposed to be here today.,ORDER_DISPATCH,DELIVERY_DELAY,0.1832,"@AmazonHelp Thanks for the reply.  On the phone with you guys right now - hope to get it worked out soon.  3 delayed deliveries, one of which was supposed to be delivered yesterday and still isn't here today."
27,@AmazonHelp iOS. It worked a couple of weeks ago.,DEVICE,DELIVERY_DELAY,0.0906,"@AmazonHelp Thanks for the reply.  On the phone with you guys right now - hope to get it worked out soon.  3 delayed deliveries, one of which was supposed to be delivered yesterday and still isn't here today."
28,@AmazonHelp Vizio smart TV - there is an app but quality and crash rate are terrible. Functions also do not work with other remotes as most apps do,DEVICE,SELLER,0.0539,"@AmazonHelp Sorry, forgot to mention. I do not use seller central. I am a local seller. selling books only in Mumbai."
29,"@AmazonHelp Sorry, we live 200 miles apart and she is a 74 year old lady who is very upset by this.  Please can I speak to someone on the phone?",CUSTOMER_SERVICE,FEEDBACK,0.0669,@AmazonHelp Finally received the product. But it is of no use for me as i ve to gift it to someone else. Anyway thanks 😒
30,"@AmazonHelp Si quito mis suscripción ahora, una vez hecho el pedido y a la espera de recibirlo, se aplica algún plus a mi pedido?gracias",OTHER,DELIVERY_TRACKING,0.0774,"@AmazonHelp No aún no, si me saliese que se ha entregado y no lo han hecho os aviso a ver si me podéis ayudar, gracias por comtestar!"
31,@AmazonHelp Y can't you access my details while you can access my messages here?,ACCOUNT,DELIVERY_TRACKING,0.1834,"@AmazonHelp Yep emailed them twice, no response. Not impressed. Can't you access a system to see where the order is? Can't anyone?"
32,@AmazonHelp Your response only says we will reach out to you.,CUSTOMER_SERVICE,CASUAL_ENGAGEMENT,0.1097,@AmazonHelp Ok will get back to you in sometime if that's ok with you ??
33,"@AmazonHelp O status é em processamento. Eu achei estranho pois não pediu o meu código de verificação do meu cartão de crédito, apenas digitei o número do meu cartão e concluí o pedido. Por isso estou confuso se vai ser ou não debitado.",PAYMENT,CASUAL_ENGAGEMENT,0.031,@AmazonHelp Dalo por hecho 😉✨
34,@AmazonHelp @115821 @AmazonHelp @115850 customer care executives are behaving like Dons .. insisting me for refund ...pls reply,CUSTOMER_SERVICE,CUSTOMER_SERVICE,0.0802,"@AmazonHelp Unfortunately your customer representative didn't solve my request.
#NotAGreatIndianSale 😑😐
cc: @115850 @115821"
35,@AmazonHelp You guys keep messing up my orders and driving me crazy.,OTHER,PAYMENT,0.1216,"@AmazonHelp I can't find it anywhere in my orders, I only see it on my bank statement."
36,@AmazonHelp Yes. Thank you. It will arrive tomorrow. Unfortunately too late for a trip I'm taking. Caught up in the Black Friday madness over the weekend I guess 🤔,DELIVERY_DELAY,CASUAL_ENGAGEMENT,0.1606,@AmazonHelp thank you!
37,@AmazonHelp It says the 2nd of December....2 days an still not dispatched yet it's been 5 days it didn't take this long when I ordered it off the American site,ORDER_DISPATCH,DELIVERY_DELAY,0.1751,@AmazonHelp It just says “Delivery date pending. We'll email you as soon as we have a delivery date.” When I ordered it said 4-5 days. It has now been 8
38,@AmazonHelp Spoke to yr CS team who helped as much as poss although cld not change my Xbox OneX delivery address!  Still feel angry at being lied to tho,DELIVERY_INSTRUCTIONS,DELIVERY_PROBLEM,0.0802,"@AmazonHelp Shows as ""In Transit: Delivery attempted"", but also says it tried to deliver to a business address, but I don't live at a business address?"
39,@AmazonHelp After dealing w/this an hour I was hung up on by Mike. He refused to transfer me to someone in the US &amp; told me no one else will talk to me.,CUSTOMER_SERVICE,ORDER_CANCELLATION,0.1254,"@AmazonHelp I have tried to cancel Amazon Prime through customer services but this was unsuccessful, as they could not discuss it with me as I didn't know the email. They have told me to contact my bank, and my bank has raised a Visa dispute, and have told me to inform you of this action."
40,"@AmazonHelp ok, so I purchased a motinor which is defective and you guys considering it to be replaced rather than retrun which in turn I agree to order from amazon again buy not the same brand as box piece is defective, I want different brand option. Can you help me with this issue.",OTHER,CASUAL_ENGAGEMENT,0.0891,@AmazonHelp Ok will get back to you in sometime if that's ok with you ??
41,@AmazonHelp I had dropped email pl check it,CUSTOMER_SERVICE,CUSTOMER_SERVICE,0.1267,@AmazonHelp I had already done that. But your team said they had investigated &amp; could not help further.
42,@AmazonHelp Pues dice vendido por InLife MX,SELLER,CASUAL_ENGAGEMENT,0.0836,@AmazonHelp Dalo por hecho 😉✨
43,@AmazonHelp No according to my app it's still out for today. No explanation of a delay either. Why is it now 2 days late??,DELIVERY_DELAY,RESOLUTION_CONFIRMATION,0.088,@AmazonHelp Hi ya. Not to worry found the answer on your website. It is back out for delivery today. Thanks
44,"@AmazonHelp Yes they were, I have private messaged you. You did this to a Harry Potter book. Be ashamed.",CUSTOMER_SERVICE,PAYMENT,0.0927,@AmazonHelp I've already made contact and they were very helpful but wernt able to explain why you charge outside of London. Could you please explain.
45,@AmazonHelp Tomorrow. But that isn't the issue. Why would my package even leave IL if it's being shipped to an IL address?,DELIVERY_PROBLEM,RESOLUTION_CONFIRMATION,0.1009,@AmazonHelp Thanks for the acknowledgement of the issue.
46,@AmazonHelp I already replied,CUSTOMER_SERVICE,CUSTOMER_SERVICE,0.0585,@AmazonHelp I had already done that. But your team said they had investigated &amp; could not help further.
47,@AmazonHelp I sent this in yesterday on your site. Haven't heard anything yet. But I got 8 more emails from sellers this morning.,CUSTOMER_SERVICE,CASUAL_ENGAGEMENT,0.059,"@AmazonHelp hehe 🙃 he's not born yet, but I just had to get him the Bouncer, been getting loads of things on Amazon, I love it 😍😁"
48,@AmazonHelp It's very troubling you need me to go out of my way to write to you and tell you that he packaging can be improved upon. Is there not an evaluation team capable of identifying that?,OTHER,CUSTOMER_SERVICE,0.1047,@AmazonHelp I’m anxious with phone calls. So no I’m not going to phone you. I can DM you instead if you’re gonna be able to help that way?
49,@AmazonHelp Still order not receive. it should deliver on 16 oct today is 18 oct. I call customer care they do not have any reason why it was delay,DELIVERY_DELAY,DELIVERY_TRACKING,0.0936,@AmazonHelp Still don’t have any clue on the status of my order placed 27 days back. What is stopping you to update atleast a status on when and where ?
50,@AmazonHelp And note that's luggage. Luggage that was going to be used on Monday AM.,DELIVERY_DELAY,CUSTOMER_SERVICE,0.0867,@AmazonHelp I’m anxious with phone calls. So no I’m not going to phone you. I can DM you instead if you’re gonna be able to help that way?
51,@AmazonHelp Il c’est perdu ou pas ? https://t.co/Z50YYKFA1W,PACKAGE_NOT_RECEIVED,INSUFFICIENT_CONTEXT,0.1542,@AmazonHelp https://t.co/6fLBNDgeEA
52,@AmazonHelp Clicked on link and it says can't find @146898 !!!!!  Hope that's not the case tomorrow,WEBSITE_OR_APP,PAYMENT,0.1216,"@AmazonHelp I can't find it anywhere in my orders, I only see it on my bank statement."
53,"@AmazonHelp Sony Bravia 4K, Baujahr ende 2016",DEVICE,CASUAL_ENGAGEMENT,0.0053,@AmazonHelp thank you!
54,@AmazonHelp There is no mail which I got from you today,OTHER,CUSTOMER_SERVICE,0.201,"@AmazonHelp There is no such option for me, and i have send a mail almost 24 hours ago with no response, I need this fixed asap please."
55,"@AmazonHelp jedes mal....
und auch nächstes mal 

Der Bote will einfach nicht 

wohne ja auch oberhalb der 10 Etage 

da hat er bestimmt Höhenangst....",DELIVERY_PROBLEM,FEEDBACK,0.0228,"@AmazonHelp Ich bezahle Geld, um Serien, die ich sehen will, wann ich will, wo ich will zu gucken. Werbung (jegl. Art) sollte vermieden werden."
56,@AmazonHelp Yes it’s enabled,ACCOUNT,INSUFFICIENT_CONTEXT,0.2211,"@AmazonHelp Hi, yes it’s the movie Collateral Beauty."
57,@AmazonHelp Livraison estimé le 16 oct,DELIVERY_TRACKING,DELIVERY_DELAY,0.0469,"@AmazonHelp Non pas particulièrement, juste qu’il y a encore quelques mois quand on passait une commande chez vous on recevait le colis dans les 2-3 jours, et aujourd’hui si on est a pas Prime on nous annonce une livraison pour 7 jours après, malgré la dispo en stock des produits… 🙄"
58,@AmazonHelp Continuosly getting same revert its more than a 1.5 month when i get my money back u told me on 8th of last mnth returning in 2-4 hours https://t.co/fD7GCOLmti,REFUND,ORDER_DISPATCH,0.0918,@AmazonHelp Shouldn't you know? It's here: https://t.co/GqtKdNdeps. Now saying 1-2 month dispatch; it didn't a month ago when I pre-ordered it.
59,"@AmazonHelp Normalement aujourd'hui, normalement.... mais je prends ce colis en exemple, Colisprive n'est pas un bon livreur, très souvent en retard",DELIVERY_DELAY,DELIVERY_DELAY,0.1145,"@AmazonHelp Non pas particulièrement, juste qu’il y a encore quelques mois quand on passait une commande chez vous on recevait le colis dans les 2-3 jours, et aujourd’hui si on est a pas Prime on nous annonce une livraison pour 7 jours après, malgré la dispo en stock des produits… 🙄"
60,@AmazonHelp they tried to deliver today but thats the same problem I had for two weeks that they only try to redeliver instead of bringing it to a post office or whatever because I'm not home before 5,DELIVERY_INSTRUCTIONS,DELIVERY_PROBLEM,0.0937,"@AmazonHelp Shows as ""In Transit: Delivery attempted"", but also says it tried to deliver to a business address, but I don't live at a business address?"
61,@AmazonHelp Thanks. I hv reported and discussed with CC exec. He promised me to resolve issue in next 2 hrs. Let’s see,CUSTOMER_SERVICE,RESOLUTION_CONFIRMATION,0.099,@AmazonHelp Thanks for the acknowledgement of the issue.
62,"@AmazonHelp Can't u access through order I'd ....??
Just looping around same point .
#lostfaith @115851",ACCOUNT,DELIVERY_TRACKING,0.076,"@AmazonHelp Yep emailed them twice, no response. Not impressed. Can't you access a system to see where the order is? Can't anyone?"
63,@AmazonHelp Courier is going to be contacted and I've been told to allow 24 hours for a response which I will do because this is a christmas gift that cost a lot of money so I just want to know where it is!,PACKAGE_NOT_RECEIVED,FEEDBACK,0.104,@AmazonHelp Finally received the product. But it is of no use for me as i ve to gift it to someone else. Anyway thanks 😒
64,"@AmazonHelp that's just it, I can't get a tracking number from your website.",DELIVERY_TRACKING,FEEDBACK,0.1426,"@AmazonHelp Ok now that just sounds dumb. Not just that I don't get the product I want, but you get less money than you would."
65,"@AmazonHelp Je l'ai signalé au service client de twitch ici https://t.co/hdO6UWZn1X.
Dois-je le signaler également au votre ?",CUSTOMER_SERVICE,RETURN,0.1318,@AmazonHelp Pour que je puisse me faire rembourser sans problème sur l'article que je dois vous renvoyer que dois-je mettre en raison de renvoi ?
66,"@AmazonHelp It never was given, not that I remember. I pre-ordered them, so I expected them to arrive closer to the release dates. But now it's been weeks since their release and still no dispatch.",ORDER_DISPATCH,ORDER_DISPATCH,0.0982,@AmazonHelp Shouldn't you know? It's here: https://t.co/GqtKdNdeps. Now saying 1-2 month dispatch; it didn't a month ago when I pre-ordered it.
67,@AmazonHelp ah. C’est embarrassant! Et que se passe-t-il si le livreur débarque &amp; qu’il n’y a personne pr réceptionner ? (Je serai au ministère à Bercy),DELIVERY_INSTRUCTIONS,WEBSITE_OR_APP,0.1281,"@AmazonHelp Le site Web n'est pas utile. Alors, au lieu de vous aider à envoyer un email et j'espère que quelque chose se passe?"
68,"@AmazonHelp Not sure which carrier it is, but last time I ordered a Christmas present a couple of years ago, (a kindle fire) my account got hacked and my wife was left with a kindle she couldn’t use, after I had to get yet another replacement.",ACCOUNT,CASUAL_ENGAGEMENT,0.0876,"@AmazonHelp hehe 🙃 he's not born yet, but I just had to get him the Bouncer, been getting loads of things on Amazon, I love it 😍😁"
69,"@AmazonHelp It wasn’t explained to me , 2-3 different reasons are being given to me.",OTHER,PACKAGE_NOT_RECEIVED,0.1442,"@AmazonHelp Royal Mail and Amazon Delivery. Tracking says they were handed to me, but I wasn't home!"
70,@AmazonHelp But why aren't phones working?,DEVICE,DELIVERY_DELAY,0.1209,"@AmazonHelp But I ordered it originally said it’d be here by Friday, why did it change?"
71,"@AmazonHelp I've contacted you guys about it multiple times this year. Roughly 10-12 times this year, I've been on the phone with you guys for this, and it keeps happening. Why am I paying $100 for prime 2 day shipping, if it's only actually shipped 2 days occasionally. It's infuriating.",DELIVERY_PROBLEM,DELIVERY_DELAY,0.1337,"@AmazonHelp Thanks for the reply.  On the phone with you guys right now - hope to get it worked out soon.  3 delayed deliveries, one of which was supposed to be delivered yesterday and still isn't here today."
72,@AmazonHelp NEIN! 👎🏻,INSUFFICIENT_CONTEXT,CASUAL_ENGAGEMENT,0.0129,@AmazonHelp thank you!
73,@AmazonHelp Yes. Nothing helped. Next plz,PACKAGE_NOT_RECEIVED,RESOLUTION_CONFIRMATION,0.1221,"@AmazonHelp Yes
Have done whatever I could."
74,@AmazonHelp Es geht aber um Melia Pro Rewards?,INSUFFICIENT_CONTEXT,FEEDBACK,0.029,"@AmazonHelp Ich bezahle Geld, um Serien, die ich sehen will, wann ich will, wo ich will zu gucken. Werbung (jegl. Art) sollte vermieden werden."
75,"@AmazonHelp L'écran ne se déverrouille pas lorsque que je le touche, du coup, je ne peux pas accéder à mon colis.",DEVICE,FEEDBACK,0.1594,@AmazonHelp C'est qd mm discriminatoire. J'ai rarement fait d'achats de plus de 50€ et ce n'est que mtn qu'on me dit que je ne peux laisser d'avis.
76,@AmazonHelp Kindly share contact no as the website is not helping to relate my issue,CUSTOMER_SERVICE,RESOLUTION_CONFIRMATION,0.0657,@AmazonHelp Thanks for the acknowledgement of the issue.
77,"@AmazonHelp Nenhuma... comprei em pré-venda e no e-mail de confirmação fala que eu receberia uma nova mensagem com a data de esntrega, mas não recebi 😢",DELIVERY_TRACKING,DEVICE,0.0618,"@AmazonHelp ahh, eu comprei achando que daria pra ler no escuro. agora já foi... obrigada pela atenção."
78,@AmazonHelp 7 de noviembre,DELIVERY_TRACKING,FEEDBACK,0.0634,@AmazonHelp C'est qd mm discriminatoire. J'ai rarement fait d'achats de plus de 50€ et ce n'est que mtn qu'on me dit que je ne peux laisser d'avis.
79,@AmazonHelp *n'ai rien dit la a force ..... j'en ai marre de payer pour rien 😔,PAYMENT,FEEDBACK,0.0849,@AmazonHelp C'est qd mm discriminatoire. J'ai rarement fait d'achats de plus de 50€ et ce n'est que mtn qu'on me dit que je ne peux laisser d'avis.
80,@AmazonHelp Hi there! Yes raised it as delivery feedback  with each delivery and not had anything backand yes my safe place is at the back of the house which is accessible. Quite disappointing as if it then goes missing who take responsibility?,DELIVERY_INSTRUCTIONS,INSUFFICIENT_CONTEXT,0.1107,"@AmazonHelp Hi, yes it’s the movie Collateral Beauty."
81,@AmazonHelp @115821 Well I left bad feedback and amazon Rep called me 6 times in 4 minutes after 3AM including one call after I said I was sleeping,CUSTOMER_SERVICE,PACKAGE_NOT_RECEIVED,0.0562,"@AmazonHelp Royal Mail and Amazon Delivery. Tracking says they were handed to me, but I wasn't home!"
82,@AmazonHelp Already talk to CS GUY he hang up on me,CUSTOMER_SERVICE,FEEDBACK,0.0494,@AmazonHelp C'est qd mm discriminatoire. J'ai rarement fait d'achats de plus de 50€ et ce n'est que mtn qu'on me dit que je ne peux laisser d'avis.
83,@AmazonHelp It was marked as delivered at 12.27 yesterday afternoon.I have phoned your customer service twice and I'm always told the same thing.That it's been marked as delivered and they will investigate.But this is happening time and time again.,PACKAGE_NOT_RECEIVED,ORDER_CANCELLATION,0.1033,"@AmazonHelp I have tried to cancel Amazon Prime through customer services but this was unsuccessful, as they could not discuss it with me as I didn't know the email. They have told me to contact my bank, and my bank has raised a Visa dispute, and have told me to inform you of this action."
84,"@AmazonHelp No, no other options were offered, both members of staff were very unhelpful",CUSTOMER_SERVICE,PAYMENT,0.1082,@AmazonHelp I've already made contact and they were very helpful but wernt able to explain why you charge outside of London. Could you please explain.
85,@AmazonHelp Carrier as it was dispatched yesterday. https://t.co/B6iSP0gad2,DELIVERY_DELAY,SELLER,0.1566,@AmazonHelp https://t.co/HICb3FSFFT
86,@AmazonHelp I can’t see anywhere on the order where it allows me 2 make a claim! There’s nothing in there about claiming at all!,OTHER,PAYMENT,0.1368,"@AmazonHelp I can't find it anywhere in my orders, I only see it on my bank statement."
87,"@AmazonHelp By Amazon, says it is in Wigan at a parcel depot and there is a problem but it should have bn here on Oct 3rd",DELIVERY_DELAY,DELIVERY_DELAY,0.1056,@AmazonHelp I ordered something yesterday and I do have prime and the item was eligible for prime shipping but it says it won’t be here until the 10th
88,"@AmazonHelp Je vais faire ça, merci",RESOLUTION_CONFIRMATION,RETURN,0.1057,@AmazonHelp Pour que je puisse me faire rembourser sans problème sur l'article que je dois vous renvoyer que dois-je mettre en raison de renvoi ?
89,@AmazonHelp Nothing helpful - this needs escalating to your security team now.,ACCOUNT,WEBSITE_OR_APP,0.062,"@AmazonHelp Sirs, link doesn't work, ask your team to call me at 91 9930753826"
90,@AmazonHelp @115821 how long do you think it will take?,CUSTOMER_SERVICE,INSUFFICIENT_CONTEXT,0.2356,@AmazonHelp How long I have to wait??
91,@AmazonHelp Is it coming today as per promise? Today is last estimated date.,DELIVERY_TRACKING,DELIVERY_DELAY,0.0846,@AmazonHelp It just says “Delivery date pending. We'll email you as soon as we have a delivery date.” When I ordered it said 4-5 days. It has now been 8
92,@AmazonHelp No,INSUFFICIENT_CONTEXT,DELIVERY_TRACKING,0.2141,"@AmazonHelp No aún no, si me saliese que se ha entregado y no lo han hecho os aviso a ver si me podéis ayudar, gracias por comtestar!"
93,"@AmazonHelp No no, I mean is there a way I can add stuff to my girlfriend's account without being on her account.",ACCOUNT,ACCOUNT,0.0703,@AmazonHelp Unfortunately not. It was ordered from my friends account
94,@AmazonHelp Kindly tell me how 2400 pupkart MRP become 4600 rs on your site,OTHER,DELIVERY_PROBLEM,0.0634,"@AmazonHelp Thanks for the reply. After I sent the tweet, a neighbour 5 houses away delivered it. I had no delivery notice to tell me where it was."
95,@AmazonHelp .uk,INSUFFICIENT_CONTEXT,CASUAL_ENGAGEMENT,0.0136,@AmazonHelp thank you!
96,@AmazonHelp It doesn’t state a courier.. https://t.co/Qq79zAQlqY,DELIVERY_TRACKING,INSUFFICIENT_CONTEXT,0.1732,@AmazonHelp https://t.co/6fLBNDgeEA
97,@AmazonHelp No nothing at all,INSUFFICIENT_CONTEXT,DELIVERY_TRACKING,0.0814,"@AmazonHelp No aún no, si me saliese que se ha entregado y no lo han hecho os aviso a ver si me podéis ayudar, gracias por comtestar!"
98,"@AmazonHelp No, but I will now. Thanks.",RESOLUTION_CONFIRMATION,DELIVERY_TRACKING,0.0744,"@AmazonHelp No aún no, si me saliese que se ha entregado y no lo han hecho os aviso a ver si me podéis ayudar, gracias por comtestar!"
99,"@AmazonHelp お忙しいなかご丁寧にありがとうございます。
かしこまりました。
当方は騙される事なく無事でしたが本日の件は家族に話をして、連絡しないように伝えておきます。",RESOLUTION_CONFIRMATION,CASUAL_ENGAGEMENT,0.0065,@AmazonHelp thank you!
100,@AmazonHelp 11 Nov 2017,DEVICE,CASUAL_ENGAGEMENT,0.0571,@AmazonHelp Nah im ok thanks. I just find it funny because ive been looking at new games but you offer me Fifa 11 lol 😂
101,@AmazonHelp Yes - not once but many times. Not worth the $100/yr if you don’t honor! Had to have today. Now scheduled for Monday 5 day after ordering !,DELIVERY_PROBLEM,CUSTOMER_SERVICE,0.0835,@AmazonHelp Yes i have shared the details.  I am getting irritated now because of this. I don't want to call you guys after every 4 or 5 hours. Pls chek
102,@AmazonHelp Order number is 407-0590121-7161968,INSUFFICIENT_CONTEXT,DELIVERY_TRACKING,0.0415,"@AmazonHelp 3 DAYS, NOT A SINGLE UPDATE OF THE STATUS OF MY ORDER. WHAT THE FUCK IS THIS?"
103,@AmazonHelp Yesterday. Does that mean I will not be getting my camera because you guys are out of stock now?,ORDER_DISPATCH,CUSTOMER_SERVICE,0.1035,@AmazonHelp Yes i have shared the details.  I am getting irritated now because of this. I don't want to call you guys after every 4 or 5 hours. Pls chek
104,"@AmazonHelp I've just given my phone No. For you guys to contact me , Anyways I have proceeded my order with Flipkart ...",CUSTOMER_SERVICE,ORDER_CANCELLATION,0.1003,"@AmazonHelp I have tried to cancel Amazon Prime through customer services but this was unsuccessful, as they could not discuss it with me as I didn't know the email. They have told me to contact my bank, and my bank has raised a Visa dispute, and have told me to inform you of this action."
105,@AmazonHelp It's saying Amazon carrier and it says they tried to deliver the package but they didn't because I have just checked with reception. Said they will try tomorrow but I need it today.,DELIVERY_DELAY,ORDER_CANCELLATION,0.1214,@AmazonHelp I’ll definitely be calling later  👍🏻 this has been happening for months and they said they canceled it
106,"@AmazonHelp As I mentioned, none of my colleagues have record of these purchases so I can't get that information. The credit card is in my name which will be on every order. Do you have any other solutions?",ACCOUNT,DELIVERY_TRACKING,0.1082,@AmazonHelp Still don’t have any clue on the status of my order placed 27 days back. What is stopping you to update atleast a status on when and where ?
107,@AmazonHelp どうにかできました！ありがとうございました(๑･̑◡･̑๑),RESOLUTION_CONFIRMATION,CASUAL_ENGAGEMENT,0.0091,@AmazonHelp thank you!
108,"@AmazonHelp Ur delivery dept has rescheduled the delivery &amp; disgustingly mentioned ""as per customer request""
Its too poor practice Mr @115851",DELIVERY_PROBLEM,DELIVERY_DELAY,0.0748,@AmazonHelp It just says “Delivery date pending. We'll email you as soon as we have a delivery date.” When I ordered it said 4-5 days. It has now been 8
109,@AmazonHelp Essa é a parte difícil: escolher haha,CASUAL_ENGAGEMENT,CASUAL_ENGAGEMENT,0.0058,@AmazonHelp thank you!
110,@AmazonHelp ok..so should i contact customer care on a daily basis or wait till eternity to get this resolved.,CUSTOMER_SERVICE,CASUAL_ENGAGEMENT,0.1016,@AmazonHelp Ok will get back to you in sometime if that's ok with you ??
111,@AmazonHelp You should definitely make it available people..like really,FEEDBACK,ORDER_CANCELLATION,0.0478,@AmazonHelp I’ll definitely be calling later  👍🏻 this has been happening for months and they said they canceled it
112,"@AmazonHelp So why do you have a twitter if it just asks us to email you? My order is unfulfilled, this is a complaint. Why must i email you?",ORDER_DISPATCH,DELIVERY_DELAY,0.1289,@AmazonHelp It just says “Delivery date pending. We'll email you as soon as we have a delivery date.” When I ordered it said 4-5 days. It has now been 8
113,@AmazonHelp I have a complaint against your seller then!,SELLER,SELLER,0.0775,"@AmazonHelp Sorry, forgot to mention. I do not use seller central. I am a local seller. selling books only in Mumbai."
114,"@AmazonHelp I ordered some stuff,and it offered me prime shipping which I gladly accepted it.I check my bank statement today and they charge me almost $12.so I called and they say because I use the free one months ago,but when I was checking out it never told me I was ineligible for it",PAYMENT,ORDER_CANCELLATION,0.144,"@AmazonHelp I have tried to cancel Amazon Prime through customer services but this was unsuccessful, as they could not discuss it with me as I didn't know the email. They have told me to contact my bank, and my bank has raised a Visa dispute, and have told me to inform you of this action."
115,"@AmazonHelp え、、、アマゾンのカスタマーサービスさん⁇😅
ノリがいいなぁ。ひょっとして関西人とか⁉️",CASUAL_ENGAGEMENT,CASUAL_ENGAGEMENT,0.0075,@AmazonHelp thank you!
116,@AmazonHelp I was promised a replacement before tomorrow early morning.Bt I don't see any updates on that. https://t.co/fBwzdFFCGb,OTHER,INSUFFICIENT_CONTEXT,0.106,@AmazonHelp https://t.co/6fLBNDgeEA
117,@AmazonHelp I have to return only... No other option i have... Now you have to give me the same product in same price...,RETURN,INSUFFICIENT_CONTEXT,0.1708,@AmazonHelp How long I have to wait??
118,"@AmazonHelp form filled no reply yet
such an unstrustworthy service by amazon 3 days delayed from expected delivery date",DELIVERY_DELAY,CUSTOMER_SERVICE,0.1258,@AmazonHelp FRM many days I am getting only this reply from fb team. But I get no reply @115850
119,@AmazonHelp no veo q nada raro.Es 1 envío dentro d la península.Al menos he conseguido guardar la dirección.A ver si la próxima vez lo logro,DELIVERY_INSTRUCTIONS,DELIVERY_TRACKING,0.1127,"@AmazonHelp No aún no, si me saliese que se ha entregado y no lo han hecho os aviso a ver si me podéis ayudar, gracias por comtestar!"
120,"@AmazonHelp Correct. I set the Sonos skill up with my speaker and my Spotify account, but it only plays out of the echo.",DEVICE,RESOLUTION_CONFIRMATION,0.0879,@AmazonHelp Thanks for the acknowledgement of the issue.
121,@AmazonHelp When?  In coming new year? Busy looting other innocent customers or what? @115851 @12934 @1840,CUSTOMER_SERVICE,REFUND,0.0554,"@AmazonHelp What mentioned time?? 
3-5 days or 10-15 days"
122,@AmazonHelp I have to login to view the page.,WEBSITE_OR_APP,INSUFFICIENT_CONTEXT,0.153,@AmazonHelp How long I have to wait??
123,"@AmazonHelp I've already reached out three times, spoke with Amazon logistics, and was told there is nothing they can do other than redeliver tmrw",DELIVERY_PROBLEM,DELIVERY_PROBLEM,0.1371,@AmazonHelp Amazon Logistics https://t.co/M5ZXkLjRbI
124,@AmazonHelp November 7th. It’s said “Out for delivery” and “Arriving today by 8pm” every day since the 7th.,DELIVERY_PROBLEM,RESOLUTION_CONFIRMATION,0.1241,@AmazonHelp Hi ya. Not to worry found the answer on your website. It is back out for delivery today. Thanks
125,"@AmazonHelp It says expected yesterday, another says already delivered. I have none of these items.",PACKAGE_NOT_RECEIVED,FEEDBACK,0.1941,@AmazonHelp It says AMZL US
126,@AmazonHelp Then surely it should have been updated on my acc and not asked for a review.,FEEDBACK,PAYMENT,0.0889,"@AmazonHelp I can't find it anywhere in my orders, I only see it on my bank statement."
127,"@AmazonHelp Link provided is for buyers, we are seller on Amazon.in",SELLER,SELLER,0.0717,"@AmazonHelp Sorry, forgot to mention. I do not use seller central. I am a local seller. selling books only in Mumbai."
128,"@AmazonHelp ""Alexa, What's the weather like"" 
""Currently in Kozhikode, Kansas, it is..."" for fuck's sake, I live in Kozhikode but Kozhikode is NOT in Kansas. Is Alexa actually intelligent? You tell me @115850. She's your kid.",DEVICE,DELIVERY_TRACKING,0.089,"@AmazonHelp 3 DAYS, NOT A SINGLE UPDATE OF THE STATUS OF MY ORDER. WHAT THE FUCK IS THIS?"
129,@AmazonHelp Is there a way to find out if my package has been lost? There hasn’t been an update on it since early Sunday.,PACKAGE_NOT_RECEIVED,DELIVERY_DELAY,0.0819,@AmazonHelp It will be there Sunday. Errr..It will be there Monday. Errr...We can send another TV?
130,"@AmazonHelp Guideline says I should not be directly or indirectly associated with product as in biased comment, which am satisfying. Then why not allow?",FEEDBACK,DELIVERY_PROBLEM,0.0525,"@AmazonHelp Shows as ""In Transit: Delivery attempted"", but also says it tried to deliver to a business address, but I don't live at a business address?"
131,@AmazonHelp D'accord merci,RESOLUTION_CONFIRMATION,DELIVERY_TRACKING,0.0571,"@AmazonHelp Bonsoir, merci pour votre réponse ! Écoutez, justement, impossible de trouver où que ce soit le nom du livreur, mais j'imagine que c'est GLS"
132,"@AmazonHelp It SAID same day, but then it said it would send me confirmation, and when I got the confirmation it said Nov 5th.",DELIVERY_TRACKING,DELIVERY_DELAY,0.1556,@AmazonHelp It just says “Delivery date pending. We'll email you as soon as we have a delivery date.” When I ordered it said 4-5 days. It has now been 8
133,@AmazonHelp Thanks!,RESOLUTION_CONFIRMATION,RESOLUTION_CONFIRMATION,0.3481,@AmazonHelp Thanks for the acknowledgement of the issue.
134,@AmazonHelp Why am I not surprised this still is unresolved,CUSTOMER_SERVICE,CUSTOMER_SERVICE,0.0504,@AmazonHelp FRM many days I am getting only this reply from fb team. But I get no reply @115850
135,@AmazonHelp Enough of this nuisance!! Its been 8 months since my money is not refunded and even now i just got an email on 30th oct syaing the matter,REFUND,CUSTOMER_SERVICE,0.0694,@AmazonHelp i’m the only person with access and i’ve sent an email to support about it before
136,@AmazonHelp Expédié par un vendeur tiers je crois,SELLER,PACKAGE_NOT_RECEIVED,0.0572,@AmazonHelp Je n'ai ni l'un ni l'autre mais la notification amazon que le colis est livré
137,"@AmazonHelp Video stutters, no audio and video freezing. Pause for a couple sec &amp; fine for another 20m. I'm on gig internet hardwired tv.",DEVICE,DELIVERY_DELAY,0.0391,@AmazonHelp It will be there Sunday. Errr..It will be there Monday. Errr...We can send another TV?
138,@AmazonHelp Yes.,INSUFFICIENT_CONTEXT,RESOLUTION_CONFIRMATION,0.3612,"@AmazonHelp Yes
Have done whatever I could."
139,"@AmazonHelp Yes Sir,I reported,they assured me too 4 d return &amp;said pickup agent vl contact U but nothing done.",RETURN,RESOLUTION_CONFIRMATION,0.1083,"@AmazonHelp Yes
Have done whatever I could."
140,@AmazonHelp Yup 😢 I cancelled the order now,ORDER_CANCELLATION,DELIVERY_TRACKING,0.083,"@AmazonHelp Yep emailed them twice, no response. Not impressed. Can't you access a system to see where the order is? Can't anyone?"
141,@AmazonHelp I still have not received my codes. Pre ordered back in April.,OTHER,ORDER_DISPATCH,0.0898,@AmazonHelp Shouldn't you know? It's here: https://t.co/GqtKdNdeps. Now saying 1-2 month dispatch; it didn't a month ago when I pre-ordered it.
142,@AmazonHelp J'ai reçu ce mail ce matin malgré avoir annoncé que j'avais bien reçu la commande. 😬À qui dois-je répondre ? https://t.co/RS1HNVHdDE,OTHER,RETURN,0.1067,@AmazonHelp Pour que je puisse me faire rembourser sans problème sur l'article que je dois vous renvoyer que dois-je mettre en raison de renvoi ?
143,@AmazonHelp Werde ich mal machen... Danke,RESOLUTION_CONFIRMATION,FEEDBACK,0.1469,"@AmazonHelp Ich bezahle Geld, um Serien, die ich sehen will, wann ich will, wo ich will zu gucken. Werbung (jegl. Art) sollte vermieden werden."
144,@AmazonHelp We still have not heard back yet from you regarding this fraud case. An amazon vendor is using our name and address and we are receiving multiple amazon return items to our home. This needs to stop immediately. @115821 @115851,ACCOUNT,ORDER_CANCELLATION,0.0601,"@AmazonHelp I have tried to cancel Amazon Prime through customer services but this was unsuccessful, as they could not discuss it with me as I didn't know the email. They have told me to contact my bank, and my bank has raised a Visa dispute, and have told me to inform you of this action."
145,"@AmazonHelp Sirji , i have already did that , but even tortoise can walk faster than the resolution process of Amzon , check my history via my number @109028, no need to delete this tweet ..",CUSTOMER_SERVICE,CUSTOMER_SERVICE,0.1136,@AmazonHelp Did you even read my tweet? 🤦‍♀️
146,@AmazonHelp Non c'était pas prévu il me semble. Comme elle est USB c je me suis dit qu'ils mettraient directement le câble plutôt qu'un usb normal,PRODUCT_INFORMATION,DELIVERY_DELAY,0.089,"@AmazonHelp Non pas particulièrement, juste qu’il y a encore quelques mois quand on passait une commande chez vous on recevait le colis dans les 2-3 jours, et aujourd’hui si on est a pas Prime on nous annonce une livraison pour 7 jours après, malgré la dispo en stock des produits… 🙄"
147,@AmazonHelp Ok thank you,RESOLUTION_CONFIRMATION,CASUAL_ENGAGEMENT,0.5229,@AmazonHelp thank you!
148,"@AmazonHelp I just gave you the tracking number. Go to your data base, not Twitter, and hunt the damn thing down. I pay Prime. I expect Prime service",DELIVERY_PROBLEM,DELIVERY_DELAY,0.0772,@AmazonHelp I ordered something yesterday and I do have prime and the item was eligible for prime shipping but it says it won’t be here until the 10th
149,@AmazonHelp Just re-ordered with another email address and now that account has been immediately locked,ACCOUNT,FEEDBACK,0.0926,"@AmazonHelp Ok now that just sounds dumb. Not just that I don't get the product I want, but you get less money than you would."
150,@AmazonHelp Please share the escalation matrix.,CUSTOMER_SERVICE,DELIVERY_DELAY,0.0433,"@AmazonHelp Hello, I understand that. The delivery tracker was showing that it may get delayed till Sunday. Please deliver it TODAY and keep your words."
151,@AmazonHelp I have already sent a mail yesterday at 9pm &amp; called customer care but no response as of now. Marked mail to Jeff also.#fraud,ACCOUNT,CUSTOMER_SERVICE,0.0939,"@AmazonHelp There is no such option for me, and i have send a mail almost 24 hours ago with no response, I need this fixed asap please."
152,@AmazonHelp Merci,RESOLUTION_CONFIRMATION,DELIVERY_TRACKING,0.0862,"@AmazonHelp Bonsoir, merci pour votre réponse ! Écoutez, justement, impossible de trouver où que ce soit le nom du livreur, mais j'imagine que c'est GLS"
153,@AmazonHelp Nope! 18-20th. Not acceptable,DELIVERY_TRACKING,ACCOUNT,0.0229,@AmazonHelp Unfortunately not. It was ordered from my friends account
154,@AmazonHelp Still waiting,CUSTOMER_SERVICE,DELIVERY_TRACKING,0.1051,@AmazonHelp Still don’t have any clue on the status of my order placed 27 days back. What is stopping you to update atleast a status on when and where ?
155,@AmazonHelp The delivery date was supposed to be today,DELIVERY_DELAY,DELIVERY_DELAY,0.2041,"@AmazonHelp Thanks for the reply.  On the phone with you guys right now - hope to get it worked out soon.  3 delayed deliveries, one of which was supposed to be delivered yesterday and still isn't here today."
156,@AmazonHelp i dont have any fax service in my town and u ppl r crazy,ACCOUNT,DELIVERY_TRACKING,0.0763,@AmazonHelp Still don’t have any clue on the status of my order placed 27 days back. What is stopping you to update atleast a status on when and where ?
157,"@AmazonHelp #unprofessional order id # 
403-7503264-7181114,403-8300003-6354735,403-5491238-8117144",CUSTOMER_SERVICE,INSUFFICIENT_CONTEXT,0.1567,@AmazonHelp #403-8592504-0317160. you can check my order no.
158,@AmazonHelp Yes iv done everything iv just sent you a full message now ..,PACKAGE_NOT_RECEIVED,RESOLUTION_CONFIRMATION,0.1276,"@AmazonHelp Yes
Have done whatever I could."
159,"@AmazonHelp わかりますが、同じ表品を2セットで別はやっぱり嫌です…
開けると「入るやん」って思ってしまいますし…
でも、わざわざありがとうございます😊",FEEDBACK,CASUAL_ENGAGEMENT,0.0049,@AmazonHelp thank you!
160,@AmazonHelp It's on Amazon.in but transaction has been made on .uk,PAYMENT,CASUAL_ENGAGEMENT,0.1052,"@AmazonHelp hehe 🙃 he's not born yet, but I just had to get him the Bouncer, been getting loads of things on Amazon, I love it 😍😁"
161,@AmazonHelp Why false assurances then,CUSTOMER_SERVICE,DELIVERY_DELAY,0.0408,"@AmazonHelp But I ordered it originally said it’d be here by Friday, why did it change?"
162,@AmazonHelp Call me option is not working. PL call back,CUSTOMER_SERVICE,WEBSITE_OR_APP,0.1274,@AmazonHelp for d last time m telling tat link does not work just give me call back thru a leadership team member else u ll be in trouble
163,"@AmazonHelp There's nothing written but the title of the book, but i did pay the price listed for the hardcover book",PRODUCT_INFORMATION,RESOLUTION_CONFIRMATION,0.1808,@AmazonHelp Thanks for the acknowledgement of the issue.
164,"@AmazonHelp Done
Let's see how responsive Amazon.in is",CUSTOMER_SERVICE,RESOLUTION_CONFIRMATION,0.0677,"@AmazonHelp Yes
Have done whatever I could."
165,@AmazonHelp I have no contact information. They did not leave a card. I have tweeted them and they have not responded.,DELIVERY_PROBLEM,REFUND,0.1392,@AmazonHelp I have drop the courier to the bluedart. Plz contact with them and initiate my refund. @AmazonHelp
166,"@AmazonHelp Tomorrow (19/10). Still says ""Preparing for Dispatch"", can't believe will be delivered on time if it hasn't been dispatched yet",ORDER_DISPATCH,DELIVERY_DELAY,0.1106,@AmazonHelp It will be there Sunday. Errr..It will be there Monday. Errr...We can send another TV?
167,"@AmazonHelp This link is not opening either, page can't be loaded error is getting displayed",WEBSITE_OR_APP,WEBSITE_OR_APP,0.0851,@AmazonHelp This is what it states on their website: https://t.co/c33ssSAyIJ
168,"@AmazonHelp thank you! Me too, my co worker loves wine and has cats so I figured this would be perfect for her. Any way for a replacement? I logged into my app and don’t see anything thx",OTHER,CASUAL_ENGAGEMENT,0.2079,@AmazonHelp thank you!
169,@AmazonHelp I am using website. The problem is present on just chrome browser. While it works fine in Firefox. Works fine in chrome on mobile as well. I am using chrome Version 62.0.3202.94 (Official Build) (64-bit) on desktop.,WEBSITE_OR_APP,WEBSITE_OR_APP,0.0463,@AmazonHelp This is what it states on their website: https://t.co/c33ssSAyIJ
170,@AmazonHelp I’ve tried it on both the app and the desktop site and both have done the same thing,WEBSITE_OR_APP,RESOLUTION_CONFIRMATION,0.1263,"@AmazonHelp Yes
Have done whatever I could."
171,@AmazonHelp i did..no one called,CUSTOMER_SERVICE,CUSTOMER_SERVICE,0.1923,@AmazonHelp Did you even read my tweet? 🤦‍♀️
172,"@AmazonHelp No call no msg,,, what a fantastic response... Total failure of APNI DUKAAN??",CUSTOMER_SERVICE,DELIVERY_TRACKING,0.0654,"@AmazonHelp No aún no, si me saliese que se ha entregado y no lo han hecho os aviso a ver si me podéis ayudar, gracias por comtestar!"
173,"@AmazonHelp I have the ""Amazon Echo, Black (previous generation)"" 
I have seen other @119038 streamers use it on there live streams to play music and would like to know how.",DEVICE,INSUFFICIENT_CONTEXT,0.0812,@AmazonHelp How long I have to wait??
174,@AmazonHelp Amazon EU.,CUSTOMER_SERVICE,INSUFFICIENT_CONTEXT,0.3769,@AmazonHelp Amazon Canada.
175,@AmazonHelp I used @145869 and it’s showing the seller to be https://t.co/eFW8uDgHVP LLC,SELLER,DEVICE,0.1466,@AmazonHelp The latest Android one. There used to be a drawing pen option here https://t.co/d8s1AEus6N
176,@AmazonHelp Lp Collect,DELIVERY_PROBLEM,CASUAL_ENGAGEMENT,0.0091,@AmazonHelp thank you!
177,"@AmazonHelp I’ve already reached out to them and all I was told was that if they can’t try again and deliver it today, I’ll be given a refund.",DELIVERY_PROBLEM,DELIVERY_DELAY,0.1238,"@AmazonHelp Hello, I understand that. The delivery tracker was showing that it may get delayed till Sunday. Please deliver it TODAY and keep your words."
178,"@AmazonHelp read tweet carefully and then reply ,package is in my city since early Thursday morning yet no sign of it getting delivered before Saturday😠",DELIVERY_DELAY,CUSTOMER_SERVICE,0.1002,@AmazonHelp Did you even read my tweet? 🤦‍♀️
179,@AmazonHelp UPS.,DELIVERY_PROBLEM,CASUAL_ENGAGEMENT,0.0129,@AmazonHelp thank you!
180,@AmazonHelp Celle du moment est la boutique lego!,CASUAL_ENGAGEMENT,DELIVERY_TRACKING,0.0566,"@AmazonHelp Bonsoir, merci pour votre réponse ! Écoutez, justement, impossible de trouver où que ce soit le nom du livreur, mais j'imagine que c'est GLS"
181,@AmazonHelp I think its a fake . Still no winner list put at nowhere. What is the fact about one plus 5 contest of 9 th June 2017 winner list??,OTHER,OTHER,0.0628,@AmazonHelp I give up now. Removing the item from my wish list. https://t.co/kpHzTPwb3v
182,"@AmazonHelp Quero um Kindle, mas preciso de agora, adianta para mim 💜",PRODUCT_INFORMATION,CASUAL_ENGAGEMENT,0.0404,@AmazonHelp Ha sido abrir el chat porque no era claro el seguimiento y me ha llamado para concretar la entrega. Amazon solucionando problemas antes de que los haya https://t.co/JS4kyUJbWq
183,@AmazonHelp Both by sellers. One of the items has now changed and is due to be delivered today. The other still says waiting to be dispatched. Why does it matter if it's an Amazon item or a different seller?,ORDER_DISPATCH,DELIVERY_DELAY,0.1461,"@AmazonHelp Thanks for the reply.  On the phone with you guys right now - hope to get it worked out soon.  3 delayed deliveries, one of which was supposed to be delivered yesterday and still isn't here today."
184,"@AmazonHelp I’m aware of what two day shipping means. I’m also aware that the delivery date was supposed to be yesterday, and that I pay $99 per year and your response is ¯\_(ツ)_/¯",DELIVERY_DELAY,DELIVERY_DELAY,0.1259,"@AmazonHelp Thanks for the reply.  On the phone with you guys right now - hope to get it worked out soon.  3 delayed deliveries, one of which was supposed to be delivered yesterday and still isn't here today."
185,@AmazonHelp Hahahaha adorei! ❤️,CASUAL_ENGAGEMENT,CASUAL_ENGAGEMENT,0.0091,@AmazonHelp thank you!
186,"@AmazonHelp Yes, and found it outside my door! But who knows if this note was even for me...",DELIVERY_PROBLEM,RESOLUTION_CONFIRMATION,0.0702,"@AmazonHelp Yes
Have done whatever I could."
187,"@AmazonHelp Thanks, I finally found the call option on the website and talk to a rep.",CUSTOMER_SERVICE,RESOLUTION_CONFIRMATION,0.1562,@AmazonHelp Hi ya. Not to worry found the answer on your website. It is back out for delivery today. Thanks
188,@AmazonHelp Kaha kaha dalu yst I call u ur representative told me about cancelation mail received and fud process,ORDER_CANCELLATION,ORDER_CANCELLATION,0.062,"@AmazonHelp I have tried to cancel Amazon Prime through customer services but this was unsuccessful, as they could not discuss it with me as I didn't know the email. They have told me to contact my bank, and my bank has raised a Visa dispute, and have told me to inform you of this action."
189,"@AmazonHelp fui garimpando os novos do SK, além de outros que eu queria faz tempo (tá bem variado)! vcs ainda vão me levar à falência kkkk",CASUAL_ENGAGEMENT,FEEDBACK,0.0399,@AmazonHelp C'est qd mm discriminatoire. J'ai rarement fait d'achats de plus de 50€ et ce n'est que mtn qu'on me dit que je ne peux laisser d'avis.
190,@AmazonHelp I don't want return just keep the amount and let me aware the people,RETURN,CUSTOMER_SERVICE,0.0862,@AmazonHelp Yes i have shared the details.  I am getting irritated now because of this. I don't want to call you guys after every 4 or 5 hours. Pls chek
191,@AmazonHelp Oui livraison en soirée impossible car le livreur refuse de rentrer dans l'immeuble (accord avec Amazon selon lui ) indiqué nulle part 1/2,DELIVERY_INSTRUCTIONS,DELIVERY_TRACKING,0.0621,"@AmazonHelp Bonsoir, merci pour votre réponse ! Écoutez, justement, impossible de trouver où que ce soit le nom du livreur, mais j'imagine que c'est GLS"
192,"@AmazonHelp Just says amazon shipping, other than that there no extra information on the order.",DELIVERY_TRACKING,FEEDBACK,0.0818,"@AmazonHelp Ok now that just sounds dumb. Not just that I don't get the product I want, but you get less money than you would."
193,@AmazonHelp pcのみですか！タブレットではどうやっても無理…ですよね？,WEBSITE_OR_APP,CASUAL_ENGAGEMENT,0.0075,@AmazonHelp thank you!
194,@AmazonHelp Yes all the items in my order are fulfilled by Amazon,SELLER,RESOLUTION_CONFIRMATION,0.0914,"@AmazonHelp Yes
Have done whatever I could."
195,@AmazonHelp I have filled the form but i feels that your support going to bad day by day,CUSTOMER_SERVICE,CUSTOMER_SERVICE,0.0668,@AmazonHelp I’m anxious with phone calls. So no I’m not going to phone you. I can DM you instead if you’re gonna be able to help that way?
196,@AmazonHelp yet another delivery attempt fail. Was told an attempt was made but it wasn't. Been on w/ support for 1 hour.,DELIVERY_PROBLEM,DELIVERY_DELAY,0.0958,"@AmazonHelp I ordered a package 11/22 using prime. It was lost/delayed. The initial delay was not an issue. However I need it 12/1. I called today for a way to fix the situation. A replacement was shipped and I was told it would be here 12/1. However, it now scheduled to arrive 12/2."
197,"@AmazonHelp All I get is an email saying they couldn't deliver. I've been on the phone with them three times about the first parcel, changed the delivery address, nothing has worked. I spoke with Amazon last night, but tried calling courier again today and can't get through.",DELIVERY_PROBLEM,DELIVERY_DELAY,0.1199,"@AmazonHelp Thanks for the reply.  On the phone with you guys right now - hope to get it worked out soon.  3 delayed deliveries, one of which was supposed to be delivered yesterday and still isn't here today."
198,@AmazonHelp Because I sent everything on Saturday and no email has been received,OTHER,ORDER_CANCELLATION,0.0836,@AmazonHelp I’ll definitely be calling later  👍🏻 this has been happening for months and they said they canceled it
199,"@AmazonHelp Thanks ! Hw much time does it take 2 reslv? Cn u share current status, I ws told it's goin 2 take 24-48hrs 2 resolve it, it's +6 dz nw !!!😤",CUSTOMER_SERVICE,ACCOUNT,0.0772,@AmazonHelp It’s not letting me log in for some reason. Where does the link take me? Customer service?
200,@AmazonHelp Ok it is usually good 🤗 just this time was off,FEEDBACK,CASUAL_ENGAGEMENT,0.1013,@AmazonHelp Ok will get back to you in sometime if that's ok with you ??
