conversation_id,customer_tweet_id,customer_message,support_response,intent,notes
332355,332354,@AmazonHelp how can you refund back to an account that doesn't exist?!,@195143 The bank of the original card you used will be able to better direct you on how to receive a refund from a closed account. ^AC,,
1743695,1743691,"@AmazonHelp Current status is On the Way, last location was last night @ 9:16pm at Royal Mail’s National Distribution Centre  : - https://t.co/YY2XiWaC6V",@525933 Thank you for sharing this with us! So sorry there was a delay. Let us know if you haven't received your order by the new date. ^KJ,,
2379804,2379803,@AmazonHelp The package was left at the house next door that is unoccupied. The driver gave it to a contractor working at the house. Had the seller not returned today who knows when i would have received it. That is unacceptable in my opinion and as a Prime member even more so.,@686229 I understand your concern. Will you tell us who the carrier is? They will be listed here: https://t.co/Y5jpI9gRhE We'd be happy to help in any way possible. ^SK,,
253988,253987,"@AmazonHelp Ben oui...plusieurs fois 
Sans résultats",@176374 L'information sera remontée pour éviter que cela se reproduise. Sinon avez-vous pu récupéré votre colis finalement ? ^MH,,
2662844,2662842,@AmazonHelp I've called customer service several times and tried to change the delivery instructions but they won't deliver if I don't answer the door,"@177092 Sorry to hear that, what were you advised when you contacted us? ^JJ",,
2848992,2848989,@AmazonHelp Yes I have? Nobody left a card or anything. There wasn’t anyone home and you’ve put the status as “delivered to resident” ?? Where is my order?,"@792275 I understand your frustration! To clarify, who is the carrier for this package: https://t.co/PCtircFm5C? ^SJ",,
781946,781945,@AmazonHelp Contacted... They have been giving false assurances and unhelpful,"@306675 Team can look into this and revert to you on high priority. Also, please don’t provide your order related details(2/3)^RS",,
545771,545766,@AmazonHelp Ye the 24 of Dec with a 3-4 days shipping ... No problems 😁,@246885 Is It about a Marketplace order or it is shipped by Amazon? ^ZC,,
373635,373637,@AmazonHelp USPS,@204539 I can certainly understand why you'd be upset. What does the most recent tracking information state? ^HC,,
2689356,2689358,"@AmazonHelp Spoke to customer services who told me it would be here by 9pm. It's now passed 9pm and still no sign. 2 days overdue now. Wtf are you playing at Amazon, yet again? Where can I put an official complaint in?",@756106 Oh no! I'm sorry you still don't have your item. Please reach out to us here: https://t.co/JzP7hlA23B Thanks! ^AJ,,
2474964,2474963,"@AmazonHelp It's out for delivery as of 12:03, the carrier is you guys. I work from home and need lunch but I'd rather not miss the package. 

I'll risk it.","@295550 Oh no! We don't have access to your account or it's details via Twitter, but we'd love to help! Please give us a call or chat here, https://t.co/JzP7hlA23B, so we can look into the delivery. ^TG",,
665401,665385,@AmazonHelp Thank you.,@278552 You're welcome. Glad to try to help. ^CR,,
2663787,2663765,@AmazonHelp When it’s suppose to get here this week and I need it this week the money is already gone and idk if my order is coming or not,"@750624 Sorry to hear that, were you sent emails from the account specialists? ^AS",,
2836872,2836868,"@AmazonHelp Alors je dois pas être doué, mais je clique où pour faire une réclamation sur l'article en question ? https://t.co/nYF5QD3Fxe",@789591 Vous pouvez joindre notre service client via ce lien: https://t.co/hgIrz98cdI ^BR,,
164882,164879,"@AmazonHelp merci beaucoup, appel passé, problème résolu, merci de votre patience !","@154216 J'en suis ravie, merci à vous surtout pour votre coopération.
^KE",,
728074,728072,@AmazonHelp Bastards..   Why you cancel order after taking money from customers!!  Using customers money without interest..  Shameful,"@294417 Apologies for the inconvenience, Maulik. Have you reported this to our support team here: https://t.co/vlvfJr4nN9. ^SF",,
1754278,1754277,@AmazonHelp Issue is resolved and item is being redelivered,"@398836 Thanks for letting us know, Dan! Please keep us in the loop and let us know when you receive the re-delivery! ^TG",,
179145,179141,@AmazonHelp My account is on the NL site.,@158237 Hi - pls use this for more info - and to contact us : https://t.co/JBCqzkP7tw  ^TD,,
888230,888221,"@AmazonHelp es vendido por un externo de amazon, pero es enviado por ustedes.
de igual forma el producto decia que estaba en stock, y se supone que ya lo hayan enviado.. Porfavor ayudarme, he tenido el mismo problema con ustedes siempre, nunca envian los productos a la fecha prometida.","@330901 Comprendemos, Cristian. Para lograr verificar mejor tu cuenta y lo que está sucediendo con el pedido, te recomendamos que contactes a nuestro departamento de Servicio al Cliente en el siguiente enlace: https://t.co/eJXKURvpr8. ^AA",,
1334342,1334341,"@AmazonHelp No, ordered yesterday (10/26), expected shipping date is November 7th, it’s in stock, so that kinda defeats the purpose of prime shipping","@431274 Some items take a bit longer to process than others. Once your item ships, you can expect it within 2 days of that date. ^TK",,
1042200,1042202,@AmazonHelp Did that. Got same response and I'm asked to follow the same steps which I have been doing since 21st September. That's ridiculous!,@366431 Please revert on the same email for further assistance. ^AG,,
1266418,1266415,@AmazonHelp Surely will do. If you just send over a #firestick 😂,@416525 It's a pain we all face. 😆 Maybe it's time to upgrade? ^MS,,
1101924,1101923,@AmazonHelp It was from .co.uk thank you,@380009 Did you have a returns label printed or did you miss the 30 day return window? ^JJ,,
108106,108099,@AmazonHelp OUI. Via lappli Amazon mobile... Ca va durer longtemps le jeu de se renvoyer la balle la ?,"@139999 Avez-vous envoyé un email à notre service client, c'est ça ? ^SB",,
492135,492130,@AmazonHelp 35 minutes and still waiting. That's not good customer service is it?  Being lied to and then lied to again....,"@232300 Just to clarify, have you been on hold with the third-party seller for 35 minutes?  Rest assured that our team is here to help you resolve this situation as best we can! ^AZ",,
308911,308910,@AmazonHelp No delays. It just didn't ship until today. I ordered it on 10/4 and it was supposed to be here today.,"@189759 Typically, late shipments arrive the next business day. Please let us know if not received by Monday: https://t.co/EKXRLsnxJu ^BV",,
519751,519749,@AmazonHelp iOS. It worked a couple of weeks ago.,@229517 The feature is only available for Amazon Prime Now orders. ^LR,,
2526237,2526234,@AmazonHelp Vizio smart TV - there is an app but quality and crash rate are terrible. Functions also do not work with other remotes as most apps do,@719313 Have you tried the steps listed here: https://t.co/zWEJa7C5ya? ^JP,,
328442,328446,"@AmazonHelp Sorry, we live 200 miles apart and she is a 74 year old lady who is very upset by this.  Please can I speak to someone on the phone?",@194313 No problem! You can also use that link given to reach us by phone so we can discuss this fully with you. ^AH,,
812316,812314,"@AmazonHelp Si quito mis suscripción ahora, una vez hecho el pedido y a la espera de recibirlo, se aplica algún plus a mi pedido?gracias","@313568 Hola. ¿Has recibido un correo de confirmación del pedido?.

Te recordamos que el monto final de la compra es el que aparece en dicho correo y no se te hará ningún cargo adicional una vez recibido. 

^DB",,
845747,845739,@AmazonHelp Y can't you access my details while you can access my messages here?,@321026 We'll not be able to access your account details via Twitter. Kindly share the details via the link so that we can help.^BA,,
1916106,1916101,@AmazonHelp Your response only says we will reach out to you.,@126720 We have a record of your concern and working on it. It will be closed at the earliest. ^CB,,
158700,158699,"@AmazonHelp O status é em processamento. Eu achei estranho pois não pediu o meu código de verificação do meu cartão de crédito, apenas digitei o número do meu cartão e concluí o pedido. Por isso estou confuso se vai ser ou não debitado.","@152482 Entendi. Por favor, entre em contato com o nosso SAC, para eles conferirem o acontecido. Acesse este link: https://t.co/qGpkDwGRhX ^CR",,
774205,774213,@AmazonHelp @115821 @AmazonHelp @115850 customer care executives are behaving like Dons .. insisting me for refund ...pls reply,"@304954 We're working on this, Chetan. We'll reach out to you soon with an update. ^KC",,
1745422,1745421,@AmazonHelp You guys keep messing up my orders and driving me crazy.,@288407 We'd love to get to the bottom of this! Please follow this link to contact us: https://t.co/hApLpM3Ejd ^DG,,
2741810,2741809,@AmazonHelp Yes. Thank you. It will arrive tomorrow. Unfortunately too late for a trip I'm taking. Caught up in the Black Friday madness over the weekend I guess 🤔,@768039 Thank you so much for your patience with us! Keep us updated on the delivery! :) ^DY,,
77257,77259,@AmazonHelp It says the 2nd of December....2 days an still not dispatched yet it's been 5 days it didn't take this long when I ordered it off the American site,@117769 Some items may take longer to process and will require a later delivery estimate. Are these headphones in stock on our site? ^WM,,
665633,665607,@AmazonHelp Spoke to yr CS team who helped as much as poss although cld not change my Xbox OneX delivery address!  Still feel angry at being lied to tho,"@278566 I'm sorry to hear that, it's not what we want you to experience ^AS",,
896710,896709,@AmazonHelp After dealing w/this an hour I was hung up on by Mike. He refused to transfer me to someone in the US &amp; told me no one else will talk to me.,@332951 I am terribly sorry for the poor experience. A member of our team would like to look into this: https://t.co/LGCB7LXNSR ^FD,,
2318085,2318089,"@AmazonHelp ok, so I purchased a motinor which is defective and you guys considering it to be replaced rather than retrun which in turn I agree to order from amazon again buy not the same brand as box piece is defective, I want different brand option. Can you help me with this issue.",@672015 I understand your concern. I’d like to look into the issue and help you. Please fill this form: https://t.co/beaaDm0muc and we’ll contact you soon ^RI,,
384160,384177,@AmazonHelp I had dropped email pl check it,"@185376 As you've responded, we'll work on it and get back to you. ^HN",,
2438397,2438392,@AmazonHelp Pues dice vendido por InLife MX,"@699421 Hola, yo tu el. Muchas gracias por el dato, como el producto es vendido por InLifeMX lo mejor seria que contactes al vendedor desde la sección de pedidos, si gustas puedes usar este enlace: https://t.co/autytlt1j2

^CB",,
299623,299619,@AmazonHelp No according to my app it's still out for today. No explanation of a delay either. Why is it now 2 days late??,@187418 Please give us a ring here: https://t.co/JzP7hlRCV9 so we can take a look at this with you. ^TR,,
758385,758384,"@AmazonHelp Yes they were, I have private messaged you. You did this to a Harry Potter book. Be ashamed.",@301219 We have responded to the private message you've sent us. ^AL,,
1128676,1128675,@AmazonHelp Tomorrow. But that isn't the issue. Why would my package even leave IL if it's being shipped to an IL address?,"@367350 I understand, I'll pass on your feedback to our transportation team ^AS",,
20468,20458,@AmazonHelp I already replied,"@120469 Thanks for the update, we've received your reply to our correspondence. We'll get back to you at the earliest. ^SC",,
1328911,1328909,@AmazonHelp I sent this in yesterday on your site. Haven't heard anything yet. But I got 8 more emails from sellers this morning.,"@430052 Hey, Trevor! Let's look into this in real time. Please chat or call us here: https://t.co/1JGB1GNAF6 ^BA",,
2748293,2748291,@AmazonHelp It's very troubling you need me to go out of my way to write to you and tell you that he packaging can be improved upon. Is there not an evaluation team capable of identifying that?,"@769530 I can understand your frustration, however, we ship thousands of packages a day, some by automated process. We can't catch every error and that is why your feedback is so valuable. Please fill out the packaging feedback form provided to you. Thank you. ^SY",,
1570828,1570834,@AmazonHelp Still order not receive. it should deliver on 16 oct today is 18 oct. I call customer care they do not have any reason why it was delay,"@484388 Sorry to know that, if you've shared the details, you should've received an update here: https://t.co/deS2TU9Xfp ^MS",,
575968,575967,@AmazonHelp And note that's luggage. Luggage that was going to be used on Monday AM.,"@255523 Hello I understand your frustration, did you receive an email from us explaining why there is a delay? ^HS",,
109984,109980,@AmazonHelp Il c’est perdu ou pas ? https://t.co/Z50YYKFA1W,"@140412 L'accès aux détails de votre compte client étant impossible depuis Twitter, notre service client sera en mesure d'effectuer les vérifications requises dans ce sens ^KD",,
1477377,1477376,@AmazonHelp Clicked on link and it says can't find @146898 !!!!!  Hope that's not the case tomorrow,@463027 Try clearing your current browsers cache and cookies. Do you get the same results when using another device or browser? ^CL,,
1082197,1082203,"@AmazonHelp Sony Bravia 4K, Baujahr ende 2016","@375280 Ok, danke. Wende dich in diesem Fall bitte hier an die Spezialisten in unserem Kundenservice: https://t.co/ZgRj3SfxUw ^DS",,
1437433,1437437,@AmazonHelp There is no mail which I got from you today,@444190 That's unusual! Could you please check for our correspondence here: https://t.co/NTkrxpsbHJ ? ^AM,,
1453741,1453714,"@AmazonHelp jedes mal....
und auch nächstes mal 

Der Bote will einfach nicht 

wohne ja auch oberhalb der 10 Etage 

da hat er bestimmt Höhenangst....",@217027 Das ist dann natürlich doof. Aber wir versuchen es weiter :) ^AN,,
366935,366934,@AmazonHelp Yes it’s enabled,@202911 Hmm. Let's check this out in real time with you: https://t.co/hApLpMlfHN ^JZ,,
1416689,1416684,@AmazonHelp Livraison estimé le 16 oct,"@449257 Afin qu'on regarde cela de plus près et vous aider , veuillez nous contacter via le lien suivant: https://t.co/hgIrz98cdI ^BR",,
993254,993250,@AmazonHelp Continuosly getting same revert its more than a 1.5 month when i get my money back u told me on 8th of last mnth returning in 2-4 hours https://t.co/fD7GCOLmti,@158410 The resolution provided in the email is the best we could offer. Please reply to the email for any further queries. ^GS,,
421340,421332,"@AmazonHelp Normalement aujourd'hui, normalement.... mais je prends ce colis en exemple, Colisprive n'est pas un bon livreur, très souvent en retard","@215400 Veuillez nous tenir informé si vous n'avez pas reçu votre colis aujourd'hui, afin de prendre les mesures nécessaires.
^YL",,
686718,686715,@AmazonHelp they tried to deliver today but thats the same problem I had for two weeks that they only try to redeliver instead of bringing it to a post office or whatever because I'm not home before 5,"@283964 Can I ask, have you selected a safe place or selected a neighbor as a preference for you order? You can find more info on this by clicking on the following link:https://t.co/zqU1qsqluc ^GA",,
2673433,2673435,@AmazonHelp Thanks. I hv reported and discussed with CC exec. He promised me to resolve issue in next 2 hrs. Let’s see,@752643 That's great news. Keep us posted about the proceedings. ^HA,,
1699735,1699759,"@AmazonHelp Can't u access through order I'd ....??
Just looping around same point .
#lostfaith @115851","@515456 Twitter being a social media platform, we wouldn't be able to access your account details, Sumit. Request you to share your1/2^NK",,
637295,637287,@AmazonHelp Courier is going to be contacted and I've been told to allow 24 hours for a response which I will do because this is a christmas gift that cost a lot of money so I just want to know where it is!,"@271109 Please keep us updated on everything, and don't hesitate to contact us again if there's anything we can do to help out, Sophie! ^SA",,
661477,661479,"@AmazonHelp that's just it, I can't get a tracking number from your website.",@277609 We'd like to look into this further with you. At your nearest convenience please reach out to us here: https://t.co/CYqkdUakWJ ^GM,,
2604883,2604882,"@AmazonHelp Je l'ai signalé au service client de twitch ici https://t.co/hdO6UWZn1X.
Dois-je le signaler également au votre ?",@737041 Je vous de le signaler également à notre SAV via: https://t.co/hgIrz98cdI ^FT,,
2766382,2766377,"@AmazonHelp It never was given, not that I remember. I pre-ordered them, so I expected them to arrive closer to the release dates. But now it's been weeks since their release and still no dispatch.","@280569 If we haven't provided delivery dates, we'd still be waiting for the items to be stocked by the publisher, Irfon. Please keep an eye on your orders for when a delivery date is provided and keep us informed about this. ^PJ",,
694428,694427,@AmazonHelp ah. C’est embarrassant! Et que se passe-t-il si le livreur débarque &amp; qu’il n’y a personne pr réceptionner ? (Je serai au ministère à Bercy),"@285587 Dorénavant, je vous suggère de choisir un point relais proche de chez vous pour la livraison! ^FT",,
529930,529932,"@AmazonHelp Not sure which carrier it is, but last time I ordered a Christmas present a couple of years ago, (a kindle fire) my account got hacked and my wife was left with a kindle she couldn’t use, after I had to get yet another replacement.",@242722 Sorry to hear this. That is most unusual and not the kind of thing you should expect when you order from Amazon. If there is any issue with receiving the replacement please let us know.^BZ,,
734659,734671,"@AmazonHelp It wasn’t explained to me , 2-3 different reasons are being given to me.","@295775 As mentioned earlier, we'll not be able to provide price match for a new order. 1/2 ^MJ",,
1369960,1369957,@AmazonHelp But why aren't phones working?,@438881 That's unusual. You may email or chat with us using this link: https://t.co/TdDksLo6Mf and we'll look into this. ^MK,,
2618085,2618084,"@AmazonHelp I've contacted you guys about it multiple times this year. Roughly 10-12 times this year, I've been on the phone with you guys for this, and it keeps happening. Why am I paying $100 for prime 2 day shipping, if it's only actually shipped 2 days occasionally. It's infuriating.","@739890 Thank you for the information! Just to clarify, have we missed the expected delivery date given in the confirmation e-mail? You can find more information on Prime shipping here: https://t.co/pYRfoZtZ0T. ^AL",,
746802,746798,@AmazonHelp NEIN! 👎🏻,@194202 Melde dich mal direkt bei uns im Amazon.de Social Media Team: https://t.co/br7bhrlJn8 ^SK,,
2861992,2861988,@AmazonHelp Yes. Nothing helped. Next plz,"@784684 If it's been over 36 hours since it was marked as delivered, we can look into your available options and next steps with you here: https://t.co/hApLpMlfHN ^DW",,
1200016,1200015,@AmazonHelp Es geht aber um Melia Pro Rewards?,"@401961 Oh, da wollte die Kollegin den ganz frühen Wurm fangen. :-) Da wäre es wohl besser auf Antwort von Melia Pro zu warten. ^AK",,
1603713,1603711,"@AmazonHelp L'écran ne se déverrouille pas lorsque que je le touche, du coup, je ne peux pas accéder à mon colis.","@492146 Vous pouvez contacter notre service client via le lien : https://t.co/qzuu0dgDXz
afin de vous proposer une solution ^ME",,
1013066,1013065,@AmazonHelp Kindly share contact no as the website is not helping to relate my issue,@359716 Have you tried selecting 'Other order issue' for the drop down list? ^SY,,
714711,714710,"@AmazonHelp Nenhuma... comprei em pré-venda e no e-mail de confirmação fala que eu receberia uma nova mensagem com a data de esntrega, mas não recebi 😢","@290972 Por gentileza, acesse o seguinte link Sabrina: https://t.co/dyFfK6l3zu  ^JJ",,
1727929,1727928,@AmazonHelp 7 de noviembre,"@522521 Entiendo, ¿has entrado en contacto con el transportista para verificar si todo está correcto con tu pedido? ^AZ",,
182821,182818,@AmazonHelp *n'ai rien dit la a force ..... j'en ai marre de payer pour rien 😔,"@159015 1/2 J'ai bien pris note de votre réclamation, cependant, afin que l'on puisse prendre toutes les mesures nécessaires",,
527702,527701,@AmazonHelp Hi there! Yes raised it as delivery feedback  with each delivery and not had anything backand yes my safe place is at the back of the house which is accessible. Quite disappointing as if it then goes missing who take responsibility?,"@242155 Hi, we would certainly do our best to correct the situation if the item were to go missing. Your safe place option should be followed through with the carrier. Are you aware of who the carrier ignoring the request is? ^CR",,
446820,446819,@AmazonHelp @115821 Well I left bad feedback and amazon Rep called me 6 times in 4 minutes after 3AM including one call after I said I was sleeping,@220848 I'm so sorry to hear this! We'd like to review this phone call. Please provide detailed information to us here: https://t.co/vwawEBlP64 ^KP,,
1197140,1197138,@AmazonHelp Already talk to CS GUY he hang up on me,@401284 Please give us another chance to make this right. Contact us by phone or chat here: https://t.co/hApLpM3Ejd ^BA,,
2390491,2390498,@AmazonHelp It was marked as delivered at 12.27 yesterday afternoon.I have phoned your customer service twice and I'm always told the same thing.That it's been marked as delivered and they will investigate.But this is happening time and time again.,@688607 Were you advised that somebody will update you within 24 hours? ^CN,,
2176531,2176527,"@AmazonHelp No, no other options were offered, both members of staff were very unhelpful","@638006 Did you receive an e-mail regarding the e-mail address change? Please be sure to check your junk and spam folders! You can contact us here with as much information as possible, https://t.co/zYVX1Qi29G, and an account specialist should be able to help. ^TG",,
1494686,1494680,@AmazonHelp Carrier as it was dispatched yesterday. https://t.co/B6iSP0gad2,@467050 Sometimes an unforeseen circumstance will cause a short delay in delivery. Most orders are delivered the next day. ^EM,,
1953417,1953415,@AmazonHelp I can’t see anywhere on the order where it allows me 2 make a claim! There’s nothing in there about claiming at all!,@262728 How long has it been since you placed the order and received the item? ^JJ,,
1744141,1744139,"@AmazonHelp By Amazon, says it is in Wigan at a parcel depot and there is a problem but it should have bn here on Oct 3rd",@526006 Oh no! We may need to contact the courier on your behalf! Please phone/chat with us here and we'll look into available options with you: https://t.co/JzP7hlA23B ^BN,,
2154042,2154038,"@AmazonHelp Je vais faire ça, merci",@632900 Merci à vous ! ^AR,,
1583690,1583688,@AmazonHelp Nothing helpful - this needs escalating to your security team now.,"@487372 I understand how that feels, Andrew. Have you received any e-mails regarding your account? Remember to check spam/junk. ^BL",,
277241,277216,@AmazonHelp @115821 how long do you think it will take?,@182227 I'm sorry for the wait. I confirmed we received your message. The longest it will take our team to respond is 12 hours. ^BH,,
973621,985154,@AmazonHelp Is it coming today as per promise? Today is last estimated date.,@339899 Please get in touch with our support team here: https://t.co/vlvfJr4nN9 We will assist you further with your query. ^GU,,
1860976,1860965,@AmazonHelp No,"@556249 Oh no! We'd like to check available options for you. If you have a moment, please reach us by phone or chat here: https://t.co/hApLpMlfHN. ^LH",,
1973430,1973428,"@AmazonHelp No no, I mean is there a way I can add stuff to my girlfriend's account without being on her account.","@584441 We take account security very seriously, so in order to add to/edit a wish list you need to be logged into that account ^AD",,
2852083,2852082,@AmazonHelp Kindly tell me how 2400 pupkart MRP become 4600 rs on your site,@792975 I understand your concern. Please refer to the above link for more information on pricing difference. ^GD,,
2838472,2838471,@AmazonHelp .uk,@789961 Could you please confirm who the carrier was? ^BD,,
2219975,2219966,@AmazonHelp It doesn’t state a courier.. https://t.co/Qq79zAQlqY,"@648445 When you spoke with us via chat, were you advised to wait until a certain date before we could take further action? ^BG",,
593424,593422,@AmazonHelp No nothing at all,@260505 That's odd! Please give us a ring here: https://t.co/JzP7hlA23B so we can look into this with you. ^TR,,
780795,780802,"@AmazonHelp No, but I will now. Thanks.",@306416 Ok. ^KM,,
970183,970181,"@AmazonHelp お忙しいなかご丁寧にありがとうございます。
かしこまりました。
当方は騙される事なく無事でしたが本日の件は家族に話をして、連絡しないように伝えておきます。",@350231 恐れ入ります、どうぞよろしくお願いいたします。リプライありがとうございました。　SM,,
1464170,1464169,@AmazonHelp 11 Nov 2017,"@459850 Thank you for the information. Also, could you please confirm if you've registered the device with your Amazon account? ^AP",,
851595,851593,@AmazonHelp Yes - not once but many times. Not worth the $100/yr if you don’t honor! Had to have today. Now scheduled for Monday 5 day after ordering !,"@322296 When you spoke to us, did we mention what caused the delay? Have you noticed a pattern with a specific carrier? ^DG",,
47938,2674984,@AmazonHelp Order number is 407-0590121-7161968,"@126720 Please don't provide your order details, we consider it to be personal information. Our page is visible to the public. 2/2 ^VH",,
483054,483050,@AmazonHelp Yesterday. Does that mean I will not be getting my camera because you guys are out of stock now?,"@229893 I am unable to access the specific status of your order via Twitter but in my experience, when an order is placed on hold the item is not reserved and will generally have to be reordered. Forthcoming emails will provide a more concrete answer. ^CH",,
292295,292301,"@AmazonHelp I've just given my phone No. For you guys to contact me , Anyways I have proceeded my order with Flipkart ...",@185616 I'm sorry for the inconvenience with this order. Being a social platform we'll not be able to arrange a call from 1/2 ^MJ,,
2545420,2545418,@AmazonHelp It's saying Amazon carrier and it says they tried to deliver the package but they didn't because I have just checked with reception. Said they will try tomorrow but I need it today.,@723495 Thanks for letting us know! Please get in touch with us by phone or chat here: https://t.co/JzP7hlA23B. We'd like to look into this for you! ^KJ,,
930161,930147,"@AmazonHelp As I mentioned, none of my colleagues have record of these purchases so I can't get that information. The credit card is in my name which will be on every order. Do you have any other solutions?","@340681 (1/2) If they purchased on https://t.co/nUUp5MLhYl, there will be an invoice under the orders in their order history. The best option here would be to have them contact us directly so we can look into their account with them and guide them to their invoices. ^DW",,
1190844,1190840,@AmazonHelp どうにかできました！ありがとうございました(๑･̑◡･̑๑),"@399902 問題が解決したとのこと、安心しました。
これからもご不明点があればご遠慮なくお知らせください。MH",,
324489,324488,"@AmazonHelp Ur delivery dept has rescheduled the delivery &amp; disgustingly mentioned ""as per customer request""
Its too poor practice Mr @115851","@193294 That was unintended. However, could you confirm if you've reached out to our support team? ^MS",,
1238807,1238800,@AmazonHelp Essa é a parte difícil: escolher haha,"@410572 Com certeza, é muito difícil. Me diga, você tem autores favoritos?. 🤔💚 ^NB",,
180139,180131,@AmazonHelp ok..so should i contact customer care on a daily basis or wait till eternity to get this resolved.,"@158389 I'm sorry for the inconvinience, request you to provide some more time and we will certainly contact you with an update. ^VH",,
2755675,2755673,@AmazonHelp You should definitely make it available people..like really,@454317 I'll share your feedback about this internally for review. ^NR,,
1876512,1876510,"@AmazonHelp So why do you have a twitter if it just asks us to email you? My order is unfulfilled, this is a complaint. Why must i email you?",@164819 I'm sorry but we can not access your account or order details via Twitter. We're happy to look at options via provided link! ^CS,,
1053568,1053594,@AmazonHelp I have a complaint against your seller then!,@368940 I get you being upset. I'll be sure to forward your feedback internally. Appreciate your understanding. ^MS,,
1773509,1773507,"@AmazonHelp I ordered some stuff,and it offered me prime shipping which I gladly accepted it.I check my bank statement today and they charge me almost $12.so I called and they say because I use the free one months ago,but when I was checking out it never told me I was ineligible for it",@533023 I am so sorry about that TJ! When you contacted us what options where you provided? ^LS,,
2772418,2772417,"@AmazonHelp え、、、アマゾンのカスタマーサービスさん⁇😅
ノリがいいなぁ。ひょっとして関西人とか⁉️","@774920 すみません。。。突然。。Amazonです！
カワイイ画像だったので、思わずリプライしてしまいました( *´艸｀)
Amazon箱は、浅さとか大きさなど猫ちゃんに好かれる要素が何かあるみたいなんです。
(*´-`).。oO(入り心地はどうかな~？あ！ちなみに関西人ではなかったです～)TY",,
833916,833922,@AmazonHelp I was promised a replacement before tomorrow early morning.Bt I don't see any updates on that. https://t.co/fBwzdFFCGb,"@318592 We've received your details this afternoon, Kiran. We'll review the details and get in touch with you soon. ^JC",,
369219,369218,@AmazonHelp I have to return only... No other option i have... Now you have to give me the same product in same price...,"@203474 I get your concern, please connect with our support team here: https://t.co/TdDksLo6Mf. We'll assist you on this. ^PS",,
1117051,1117056,"@AmazonHelp form filled no reply yet
such an unstrustworthy service by amazon 3 days delayed from expected delivery date","@383580 Sorry about the delay, Jay. Our team is working on your concern, please wait four us to reach out. ^MS",,
1553242,1553236,@AmazonHelp no veo q nada raro.Es 1 envío dentro d la península.Al menos he conseguido guardar la dirección.A ver si la próxima vez lo logro,"@480562 Entiendo, por favor intenta nuevamente más tarde, al añadir tu dirección puedes verificar las instrucciones del (1/2)",,
1242260,1242259,"@AmazonHelp Correct. I set the Sonos skill up with my speaker and my Spotify account, but it only plays out of the echo.",@411410 We´re here to help! Please reach us by phone or chat when you have a moment: https://t.co/hApLpMlfHN so we can look into this. ^LH,,
440270,440252,@AmazonHelp When?  In coming new year? Busy looting other innocent customers or what? @115851 @12934 @1840,@140964 I understand your disappointment. Please be assured we're working on it and would reach out to you soon. ^GS,,
2280812,2280810,@AmazonHelp I have to login to view the page.,@663013 Oh dear! Sorry about that! Here is a better link to help skip the need to sign in: https://t.co/jzvkhdlrK5 ^ST,,
1901353,1901348,"@AmazonHelp I've already reached out three times, spoke with Amazon logistics, and was told there is nothing they can do other than redeliver tmrw",@390031 I'm sorry for the poor experience! Please allow us to take a closer look by filling in this form: https://t.co/MzY1jRY1AR ^QJ,,
2254536,2254534,@AmazonHelp November 7th. It’s said “Out for delivery” and “Arriving today by 8pm” every day since the 7th.,@539934 Something is definitely not right! Could you please clarify who the carrier is for us? ^BA,,
382784,382770,"@AmazonHelp It says expected yesterday, another says already delivered. I have none of these items.","@206722 We'd like to look further into this with you in real-time, Julian. Please reach out to us here: https://t.co/JzP7hlA23B ^WJ",,
2117762,2117761,@AmazonHelp Then surely it should have been updated on my acc and not asked for a review.,@487136 Thanks for the feedback Matt. Apologies for any inconvenience caused. ^TP,,
1547219,1547218,"@AmazonHelp Link provided is for buyers, we are seller on Amazon.in",@479065 I'm sorry about the hassle. Please connect to our support team here: https://t.co/hITbmQzz2y. We'll look into it. ^SB,,
2102721,2102720,"@AmazonHelp ""Alexa, What's the weather like"" 
""Currently in Kozhikode, Kansas, it is..."" for fuck's sake, I live in Kozhikode but Kozhikode is NOT in Kansas. Is Alexa actually intelligent? You tell me @115850. She's your kid.",@441736 refer: https://t.co/6dnetffI7m for more information. (2/2) ^MO,,
1380604,1380598,@AmazonHelp Is there a way to find out if my package has been lost? There hasn’t been an update on it since early Sunday.,@441365 Please contact us by phone or chat: https://t.co/EKXRLsnxJu so we can look into this with you.  ^AF,,
1296544,1296543,"@AmazonHelp Guideline says I should not be directly or indirectly associated with product as in biased comment, which am satisfying. Then why not allow?","@242502 Reviews are system approved, service related discrepancies will not be taken. ^MJ",,
986407,986403,@AmazonHelp D'accord merci,@353771 À votre service. ^FA,,
1511931,1511927,"@AmazonHelp It SAID same day, but then it said it would send me confirmation, and when I got the confirmation it said Nov 5th.","@470927 Where we don't have access to your account, the best way to assist you would be to contact us: https://t.co/hApLpMlfHN ^LS",,
607313,607311,@AmazonHelp Thanks!,"@264326 You're very welcome, Nikki! We look forward to assisting you with this issue further soon. ^SD",,
457683,457681,@AmazonHelp Why am I not surprised this still is unresolved,"@223690 I'm so sorry for the delayed response! I'd like to have a member of our team look into this and further investigate the available options. When you have a moment, please send us the order number and a few relevant details here: https://t.co/SIgpnOeLFS ^SB",,
1421266,1421206,@AmazonHelp Enough of this nuisance!! Its been 8 months since my money is not refunded and even now i just got an email on 30th oct syaing the matter,@450380 I understand that waiting is tiresome &amp; I'm sorry about that. Reply to the social media correspondence 1/2 ^MJ,,
694402,694401,@AmazonHelp Expédié par un vendeur tiers je crois,@285581 Je vous invite à prendre contact auprès de notre service client afin qu'il fasse le nécessaire: https://t.co/hgIrz98cdI ^FT,,
969177,969175,"@AmazonHelp Video stutters, no audio and video freezing. Pause for a couple sec &amp; fine for another 20m. I'm on gig internet hardwired tv.",@350054 Have you tried these troubleshooting steps: https://t.co/yBeIswulrA? ^CO,,
183444,183443,@AmazonHelp Yes.,@159139 Please get in touch with us here: https://t.co/JzP7hlA23B and we'll help! ^RL,,
12549,2529714,"@AmazonHelp Yes Sir,I reported,they assured me too 4 d return &amp;said pickup agent vl contact U but nothing done.",@720187 Sorry for the delay with the pickup. Kindly drop in your details here: https://t.co/ThNiV22C8k and we'll work on it. ^NS,,
643997,643996,@AmazonHelp Yup 😢 I cancelled the order now,@272879 I'm sorry we missed your delivery date! Were we able to request a refund for you? ^AR,,
205062,205058,@AmazonHelp I still have not received my codes. Pre ordered back in April.,@164569 Have you checked your spam folder as you should have received it by now? ^KM,,
2113649,2113655,@AmazonHelp J'ai reçu ce mail ce matin malgré avoir annoncé que j'avais bien reçu la commande. 😬À qui dois-je répondre ? https://t.co/RS1HNVHdDE,"@623204 Bonjour, ravie d'apprendre que votre colis est livré. Je vous invite à rebondir sur ce mail, afin d'informer la personne qui a pris en charge votre dossier.^FT",,
142939,142937,@AmazonHelp Werde ich mal machen... Danke,@148267 Super gern! :) ^AW,,
118745,118749,@AmazonHelp We still have not heard back yet from you regarding this fraud case. An amazon vendor is using our name and address and we are receiving multiple amazon return items to our home. This needs to stop immediately. @115821 @115851,@142322 I'm sorry for the trouble! I don't see we've received your information. Please provide your details for us using the link ^NN provided above. ^KP,,
2841800,2841799,"@AmazonHelp Sirji , i have already did that , but even tortoise can walk faster than the resolution process of Amzon , check my history via my number @109028, no need to delete this tweet ..","@790713 We'll not be able to access your account from social platforms, Ravi. Write to us here: https://t.co/GIJyeYqKE0 &amp; we'll help you with the available options. ^MJ",,
2613190,2613189,@AmazonHelp Non c'était pas prévu il me semble. Comme elle est USB c je me suis dit qu'ils mettraient directement le câble plutôt qu'un usb normal,"@669574 Je comprends. Normalement, le contenu de chaque article est indiqué sur la page détaillée du produit. ^SB",,
1255691,1255690,@AmazonHelp Ok thank you,@403931 You're most welcome. Do keep us posted for any further queries. ^AB,,
343671,343666,"@AmazonHelp I just gave you the tracking number. Go to your data base, not Twitter, and hunt the damn thing down. I pay Prime. I expect Prime service",@197797 We'd like our team to look into this. Please send us your info using the following secure link: https://t.co/1mNXSsV1xa ^GR,,
848122,848121,@AmazonHelp Just re-ordered with another email address and now that account has been immediately locked,@127582 I'd like to have someone from my team look into this further. Please provide the following info: https://t.co/XaEFXZ9x8f ^MW,,
1502807,1502805,@AmazonHelp Please share the escalation matrix.,"@324114 Apologies, please share your details via the link provided earlier and we'll get back to you. ^SK",,
725902,725901,@AmazonHelp I have already sent a mail yesterday at 9pm &amp; called customer care but no response as of now. Marked mail to Jeff also.#fraud,@293892 Sorry about that. I'd like to help. Please write to us here: https://t.co/GIJyeYqKE0 and I'll reach out to you. ^SA,,
956275,956260,@AmazonHelp Merci,@346900 À votre service :),,
1373388,1373383,@AmazonHelp Nope! 18-20th. Not acceptable,"@439645 If your order doesn't arrive by the 18th, please let us know. ^JA",,
1310347,1310345,@AmazonHelp Still waiting,"@294193 As you have shared the details, we will connect with you within 6-12 hours. ^SG",,
1409660,1409659,@AmazonHelp The delivery date was supposed to be today,@447656 Please contact us here: https://t.co/hApLpMlfHN so we can provide you with additional options. ^SY,,
856569,857834,@AmazonHelp i dont have any fax service in my town and u ppl r crazy,@323416 I'm afraid our team would need the details to be sent via fax so that they can take it further &amp; help un-hold the account. ^EM,,
17678,17674,"@AmazonHelp #unprofessional order id # 
403-7503264-7181114,403-8300003-6354735,403-5491238-8117144",@119907 Please share your details here: https://t.co/GIJyeYqKE0 and I'll reach out to you. (2/2) ^KA,,
2768257,2768256,@AmazonHelp Yes iv done everything iv just sent you a full message now ..,@280564 Thank you for the update! We'd like to look into available options with you concerning your parcel. Please contact us via phone or chat at the following link:  https://t.co/JzP7hlA23B ^MW,,
2801423,2801421,"@AmazonHelp わかりますが、同じ表品を2セットで別はやっぱり嫌です…
開けると「入るやん」って思ってしまいますし…
でも、わざわざありがとうございます😊",@781505 とんでもないことでございます。ご意見をお寄せいただき、ありがとうございます。ご指摘いただいた点は担当部署に伝えさせていただき、今後もサービスの改善に努めて参ります。 YM,,
224844,224842,@AmazonHelp It's on Amazon.in but transaction has been made on .uk,"@169717 Thank you for confirming, since the charge is on https://t.co/ykTUEmdsQA. Kindly connect with us here: https://t.co/baKrEwW6v9. ^PS",,
312986,313000,@AmazonHelp Why false assurances then,@190746 I'm sorry for the trouble. I'll pass this feedback to the concerned team internally so they can have a look at it. ^AU,,
1544542,1544546,@AmazonHelp Call me option is not working. PL call back,"@478414 The call service seems to be working fine. Please follow the path mentioned here to connect with us, Click on the link here:1/3^KA",,
279166,279159,"@AmazonHelp There's nothing written but the title of the book, but i did pay the price listed for the hardcover book",@182574 What Amazon website did you use to place the order? https://t.co/Ao8rYb8Jzw? ^JJ,,
1675584,1675580,"@AmazonHelp Done
Let's see how responsive Amazon.in is","@506832 Thank you for keeping us posted, Nishant. We will get back to you soon with an update. ^KS",,
2534442,2534446,@AmazonHelp I have no contact information. They did not leave a card. I have tweeted them and they have not responded.,"@721132 Sorry to hear about the issue with your delivery recently Carolyn, if you contact us via phone or live chat we can contact Hermes directly for you: https://t.co/JzP7hlA23B ^TI",,
2011955,2011948,"@AmazonHelp Tomorrow (19/10). Still says ""Preparing for Dispatch"", can't believe will be delivered on time if it hasn't been dispatched yet",@594935 It's not uncommon for items to be dispatched and delivered in the same day! Do keep in mind we can deliver up until 21:00. ^KJ,,
222712,222708,"@AmazonHelp This link is not opening either, page can't be loaded error is getting displayed",@169201 Sorry for the trouble you've had. Could you please help us with the screenshot of the error you're facing. ^MM,,
2785914,2785909,"@AmazonHelp thank you! Me too, my co worker loves wine and has cats so I figured this would be perfect for her. Any way for a replacement? I logged into my app and don’t see anything thx","@777810 Thanks for keeping us in the loop on this! Is your order shipped and sold by Amazon, or by a third party seller? We can investigate this with you if you'd like, via this link here: https://t.co/hApLpMlfHN ^DW",,
2789086,2789085,@AmazonHelp I am using website. The problem is present on just chrome browser. While it works fine in Firefox. Works fine in chrome on mobile as well. I am using chrome Version 62.0.3202.94 (Official Build) (64-bit) on desktop.,@778527 Thanks for confirming. Please try clearing the cache and cookies of that browser and check. ^MO,,
2853647,2853645,@AmazonHelp I’ve tried it on both the app and the desktop site and both have done the same thing,"@793300 We'd like to troubleshoot this further with you, please reach out to us by phone or chat here: https://t.co/qy3J24VGxb ^GR",,
835127,835136,@AmazonHelp i did..no one called,"@318840 Sorry about that, Manuj. You can request a callback with your preferred time by writing back to the e-mail sent by our team. ^MP",,
1034743,1034731,"@AmazonHelp No call no msg,,, what a fantastic response... Total failure of APNI DUKAAN??","@185471 You should have received an email from us, please check and revert. ^HN",,
2473444,2473443,"@AmazonHelp I have the ""Amazon Echo, Black (previous generation)"" 
I have seen other @119038 streamers use it on there live streams to play music and would like to know how.",@150040 Thanks for confirming! Check out our Help pages on playing music and streaming media over your Alexa device here: https://t.co/SP1LjQhQAP ^MJ,,
2590695,2590697,@AmazonHelp Amazon EU.,"@733788 En ese caso, recomiendo entrar en contacto directamente con nuestro Servicio al Cliente: https://t.co/beR78zMMYB ^CR",,
318601,318599,@AmazonHelp I used @145869 and it’s showing the seller to be https://t.co/eFW8uDgHVP LLC,@192011 Please contact us here for help:  https://t.co/hApLpMlfHN ^AT,,
2728907,2728905,@AmazonHelp Lp Collect,@765128 D'accord et l'avez-vous signalé à notre service client s'il vous plait ? ^SB,,
1716763,1716756,"@AmazonHelp I’ve already reached out to them and all I was told was that if they can’t try again and deliver it today, I’ll be given a refund.",@237265 Who was the carrier on your package? You can find that information here: https://t.co/Y5jpI9gRhE ^LS,,
797477,797472,"@AmazonHelp read tweet carefully and then reply ,package is in my city since early Thursday morning yet no sign of it getting delivered before Saturday😠","@310135 I do get your concern, please report this to our support team and we'll check this. ^HN",,
2757458,2757460,@AmazonHelp UPS.,@129508 Thank you for that information. We'd like to take a closer look at your order. Please reach out directly to us via phone/chat here: https://t.co/hApLpMlfHN ^TN,,
1494776,1494775,@AmazonHelp Celle du moment est la boutique lego!,@467068 😍 J'adore aussi. Avez-vous opté pour les jeux de construction comme moi 😉? ^FA,,
2923455,2923446,@AmazonHelp I think its a fake . Still no winner list put at nowhere. What is the fact about one plus 5 contest of 9 th June 2017 winner list??,@809006 Sorry to know you feel this way! We've escalated this internally. We'll reach out to you with an update at earliest. ^SV,,
2273301,2273299,"@AmazonHelp Quero um Kindle, mas preciso de agora, adianta para mim 💜",@661273 Paciência Galileu! Você vai ter aquele aparelhinho nas sua mãos 💕. Fique de olho na nossa página para mais novidades 😁. ^MB,,
2318306,2318310,@AmazonHelp Both by sellers. One of the items has now changed and is due to be delivered today. The other still says waiting to be dispatched. Why does it matter if it's an Amazon item or a different seller?,@672053 If the items are both sold and dispatched by sellers then unfortunately the dispatching of them is directly with the seller. Are both orders listed as fulfilled by the seller or by Amazon? ^MI,,
2944213,2944212,"@AmazonHelp I’m aware of what two day shipping means. I’m also aware that the delivery date was supposed to be yesterday, and that I pay $99 per year and your response is ¯\_(ツ)_/¯",@175621 I'm sorry your order hasn't arrived as expected! Were you given an updated delivery date or a notice of delay? We'd like to help! ^ZW,,
1014288,1014287,@AmazonHelp Hahahaha adorei! ❤️,"@290972 Opa 😉 Assim que receber o seu pedido envie uma fotinho para nós, Sabrina 😊 ^LG",,
586862,586860,"@AmazonHelp Yes, and found it outside my door! But who knows if this note was even for me...","@258583 Oh no! I'm sorry for the trouble with the delivery. Let's investigate this together by phone or chat here, https://t.co/JzP7hlA23B, and find a proper resolution for you. ^TG",,
1151858,1151857,"@AmazonHelp Thanks, I finally found the call option on the website and talk to a rep.",@391065 Thanks for the update. Please let us know if you need any further assistance. ^BH,,
783276,783278,@AmazonHelp Kaha kaha dalu yst I call u ur representative told me about cancelation mail received and fud process,"@199798 I get your concern. Could you confirm, submitting your details using the link shared earlier? ^MP",,
1213368,1213366,"@AmazonHelp fui garimpando os novos do SK, além de outros que eu queria faz tempo (tá bem variado)! vcs ainda vão me levar à falência kkkk","@404785 Que demais, e qual é o seu livro favorito dele? ❤ Queremos só te trazer muita felicidade. 📚 ^DA",,
2899622,2903588,@AmazonHelp I don't want return just keep the amount and let me aware the people,@219990 We're sorry know about the trouble with the order you received. Could you please confirm if you've reported this to our support team here: https://t.co/rS49hgaADF? Do keep us posted. ^SM,,
1456346,1456345,@AmazonHelp Oui livraison en soirée impossible car le livreur refuse de rentrer dans l'immeuble (accord avec Amazon selon lui ) indiqué nulle part 1/2,@458026 Désolée pour cela😓L'avez-vous signalé à notre SAV afin qu'il prenne les mesures nécessaires?^FT,,
472273,472265,"@AmazonHelp Just says amazon shipping, other than that there no extra information on the order.",@227477 Apologies for the poor experience. Is your order out for delivery again today? What does the tracking show?^CN,,
2874981,2874976,@AmazonHelp pcのみですか！タブレットではどうやっても無理…ですよね？,@795067 「PCサイト」への切り替えが可能である場合は、お手数ですが、お試しください。TN,,
2830776,2830772,@AmazonHelp Yes all the items in my order are fulfilled by Amazon,"@227707 Hello, it may be best if you can contact us directly here:  https://t.co/hApLpMlfHN. We will be able to investigate this further. ^HS",,
429025,429024,@AmazonHelp I have filled the form but i feels that your support going to bad day by day,"@217032 As you've shared your details, we'll work on it and get back to you. ^HN",,
952534,952533,@AmazonHelp yet another delivery attempt fail. Was told an attempt was made but it wasn't. Been on w/ support for 1 hour.,@345990 Please keep us in the loop on how the phone call goes. Thank you. ^DO,,
2428244,2428242,"@AmazonHelp All I get is an email saying they couldn't deliver. I've been on the phone with them three times about the first parcel, changed the delivery address, nothing has worked. I spoke with Amazon last night, but tried calling courier again today and can't get through.",@697193 Sorry to hear that- what did our associate advise? They should be able to get through to the carrier for you and find out if there is an ongoing issue that needs to be fixed. ^MA,,
2513445,2513440,@AmazonHelp Because I sent everything on Saturday and no email has been received,"@430551 Apologies for the stretch. If you've shared your details via link provided earlier, ^AK (1/2)",,
279455,279339,"@AmazonHelp Thanks ! Hw much time does it take 2 reslv? Cn u share current status, I ws told it's goin 2 take 24-48hrs 2 resolve it, it's +6 dz nw !!!😤",@182606 Our team will contact you at the earliest. ^HN,,
765708,765706,@AmazonHelp Ok it is usually good 🤗 just this time was off,@302998 Thanks for the feedback! ^JJ,,
