example_id,generated_reply,url,twitter_url,placeholder,username,agent_initials,signature,violations,leakage_detected
96,"I understand you're having trouble finding the courier information. If you can provide more details about the courier, we can try contacting them for you.",False,False,False,False,False,False,,False
16,I understand you're upset about the cancellation of your order. We will ensure to handle such situations with the utmost care and respect.,False,False,False,False,False,False,,False
31,"I understand your concern. Please provide the details you mentioned previously, and we will review them as soon as possible.",False,False,False,False,False,False,,False
159,ありがとうございます。お手数をおかけしましたが、今後ともご信任いただければ幸いです。,False,False,False,False,False,False,,False
129,I understand you're concerned about your package. We can look into this further for you. Please contact us here so that we can explore options together.,False,False,False,False,False,False,,False
116,I understand you're concerned about the status of your replacement order. Please provide your order number so we can check the current status for you.,False,False,False,False,False,False,,False
70,Are you able to log into your Amazon account through a computer or do you get the same error message there?,False,False,False,False,False,False,,False
171,I understand you haven't heard back from us. Could you please check if you received any email from us?,False,False,False,False,False,False,,False
175,I understand the concern about the seller being listed as LLC. Have you tried contacting the seller to inquire about the delivery status?,False,False,False,False,False,False,,False
46,"I understand you've replied multiple times. Please keep us updated, and we will assist you further.",False,False,False,False,False,False,,False
67,"Je comprends votre situation. Si le livreur ne peut pas vous livrer à votre lieu de travail, pouvez-vous nous indiquer un autre point de livraison ou une autre adresse où vous pourriez recevoir votre colis ?",False,False,False,False,False,False,,False
183,"I understand your concern. If one item is on its way today, it's possible the other item is still in transit or awaiting dispatch. Please keep us updated if you need further assistance.",False,False,False,False,False,False,,False
166,"I understand your concern. Please keep us updated, and we'll take a closer look at your order.",False,False,False,False,False,False,,False
79,Je comprends que vous êtes frustré par cette situation. Pourriez-vous me dire quel transporteur prend en charge votre commande ?,False,False,False,False,False,False,,False
187,We're still here if you need to reach out again! Let us know how your conversation goes.,False,False,False,False,False,False,,False
178,I understand your concern. Could you please check if you have set a safe place for the parcel to be left if there is no one in?,False,False,False,False,False,False,,False
57,Tenez-nous au courant s'il vous plaît. Votre nouvelle date de livraison est estimée pour le 16 octobre.,False,False,False,False,False,False,,False
153,I understand your concern. Could you please share your order details so we can look into this further?,False,False,False,False,False,False,,False
83,I understand you're experiencing ongoing issues with your order being marked as delivered despite it not arriving. Let's keep this issue updated and let's see if we can find a resolution together.,False,False,False,False,False,False,,False
69,I understand you're still unsure about the reason for the packaging. Let's try reaching out via phone or chat so we can look further into this.,False,False,False,False,False,False,,False
