example_id,customer_message,generated_reply,relevance,usefulness,grounding,factual_safety,leakage_safety,style,total_score,valid_judgment,reason
96,@AmazonHelp It doesn’t state a courier.. https://t.co/Qq79zAQlqY,"I understand you're having trouble finding the courier information. If you can provide more details about the courier, we can try contacting them for you.",2,1,0,0,0,2,5,True,"The reply is consistent with the support pattern and provides a next step, but it does not address the customer's specific issue about courier information and does not provide factual safety or avoid leaking information."
16,@AmazonHelp Bastards..   Why you cancel order after taking money from customers!!  Using customers money without interest..  Shameful,I understand you're upset about the cancellation of your order. We will ensure to handle such situations with the utmost care and respect.,2,1,0,0,0,2,5,True,"The reply is concise and professional, but it does not address the customer's specific concerns about order cancellation and money issues."
31,@AmazonHelp Y can't you access my details while you can access my messages here?,"I understand your concern. Please provide the details you mentioned previously, and we will review them as soon as possible.",1,1,0,0,0,2,4,True,"The reply addresses the customer's concern but does not provide specific details or solutions, and does not ground the response in a consistent support pattern."
159,"@AmazonHelp わかりますが、同じ表品を2セットで別はやっぱり嫌です…
開けると「入るやん」って思ってしまいますし…
でも、わざわざありがとうございます😊",ありがとうございます。お手数をおかけしましたが、今後ともご信任いただければ幸いです。,1,1,0,0,0,1,3,True,"The reply is partly relevant to the customer's concern but does not directly address their issue. It lacks grounding and factual safety, as it does not provide a solution or any factual information. The style is acceptable as it is concise and professional."
129,@AmazonHelp Is there a way to find out if my package has been lost? There hasn’t been an update on it since early Sunday.,I understand you're concerned about your package. We can look into this further for you. Please contact us here so that we can explore options together.,2,1,0,0,0,2,5,True,The reply is consistent with the support pattern but does not provide a direct solution or grounding for the customer's inquiry.
116,@AmazonHelp I was promised a replacement before tomorrow early morning.Bt I don't see any updates on that. https://t.co/fBwzdFFCGb,I understand you're concerned about the status of your replacement order. Please provide your order number so we can check the current status for you.,2,1,0,0,0,2,5,True,"The reply is directly relevant to the customer's concern about the replacement order status, but it lacks factual safety and grounding, and it does not provide a useful next step or address the factual safety concerns."
70,@AmazonHelp But why aren't phones working?,Are you able to log into your Amazon account through a computer or do you get the same error message there?,2,1,0,0,0,2,5,True,"The reply is directly relevant to the customer's issue and suggests a next step, but it does not address the core problem and does not provide factual safety or grounding."
171,@AmazonHelp i did..no one called,I understand you haven't heard back from us. Could you please check if you received any email from us?,2,2,1,2,0,2,9,True,"The reply is directly relevant to the customer's concern about not receiving a call and suggests checking for an email, which is a useful next step."
175,@AmazonHelp I used @145869 and it’s showing the seller to be https://t.co/eFW8uDgHVP LLC,I understand the concern about the seller being listed as LLC. Have you tried contacting the seller to inquire about the delivery status?,2,1,0,0,0,2,5,True,"The reply is not directly relevant to the customer's issue about the seller being listed as LLC and does not provide a useful next step or grounding in a support pattern. It also does not contain any factual safety issues, but it does not address the customer's concern either."
46,@AmazonHelp I already replied,"I understand you've replied multiple times. Please keep us updated, and we will assist you further.",2,1,0,0,0,2,5,True,"The reply is directly relevant to the customer's initial message, but it does not provide useful next steps or grounding, and it does not address the factuality or safety concerns."
67,@AmazonHelp ah. C’est embarrassant! Et que se passe-t-il si le livreur débarque &amp; qu’il n’y a personne pr réceptionner ? (Je serai au ministère à Bercy),"Je comprends votre situation. Si le livreur ne peut pas vous livrer à votre lieu de travail, pouvez-vous nous indiquer un autre point de livraison ou une autre adresse où vous pourriez recevoir votre colis ?",2,2,1,1,0,2,8,True,"The reply is directly relevant, useful next step, and consistent with the support pattern, but it has a minor grounding issue and contains no invented facts or private information."
183,@AmazonHelp Both by sellers. One of the items has now changed and is due to be delivered today. The other still says waiting to be dispatched. Why does it matter if it's an Amazon item or a different seller?,"I understand your concern. If one item is on its way today, it's possible the other item is still in transit or awaiting dispatch. Please keep us updated if you need further assistance.",2,1,0,0,0,2,5,True,The reply addresses the customer's concern about the delivery status of different items but does not provide additional actionable information or grounding.
166,"@AmazonHelp Tomorrow (19/10). Still says ""Preparing for Dispatch"", can't believe will be delivered on time if it hasn't been dispatched yet","I understand your concern. Please keep us updated, and we'll take a closer look at your order.",2,1,0,0,0,2,5,True,"The reply is directly relevant to the customer's concern about the delivery status, but it lacks actionable next steps and is not grounded in a specific support pattern."
79,@AmazonHelp *n'ai rien dit la a force ..... j'en ai marre de payer pour rien 😔,Je comprends que vous êtes frustré par cette situation. Pourriez-vous me dire quel transporteur prend en charge votre commande ?,1,1,0,0,0,2,4,True,"The reply is partly relevant and somewhat useful, but not consistent with the support pattern and does not contain any factual safety issues."
187,"@AmazonHelp Thanks, I finally found the call option on the website and talk to a rep.",We're still here if you need to reach out again! Let us know how your conversation goes.,2,1,0,0,0,2,5,True,"The reply is consistent with the support pattern and provides a helpful closing message, but it lacks factual information and is not grounded in the customer's previous interaction."
178,"@AmazonHelp read tweet carefully and then reply ,package is in my city since early Thursday morning yet no sign of it getting delivered before Saturday😠",I understand your concern. Could you please check if you have set a safe place for the parcel to be left if there is no one in?,2,1,0,0,0,2,5,True,"The reply is directly relevant to the customer's concern about the package not being delivered as expected, but it does not provide useful next steps or grounding in the support pattern. It also does not address the factual safety or leakage safety issues."
57,@AmazonHelp Livraison estimé le 16 oct,Tenez-nous au courant s'il vous plaît. Votre nouvelle date de livraison est estimée pour le 16 octobre.,2,2,1,2,0,2,9,True,"The reply is directly relevant, useful, and consistent with the support pattern, contains no invented facts, and is concise and professional. However, it is partly consistent as it does not provide the exact date of the new delivery, which could be considered a minor gap."
153,@AmazonHelp Nope! 18-20th. Not acceptable,I understand your concern. Could you please share your order details so we can look into this further?,2,1,0,0,0,2,5,True,"The reply is directly relevant to the customer's concern about their order's expected delivery date, but it does not provide useful next steps or grounding in the support pattern. It also does not address the customer's specific complaint about the order's expected delivery date."
83,@AmazonHelp It was marked as delivered at 12.27 yesterday afternoon.I have phoned your customer service twice and I'm always told the same thing.That it's been marked as delivered and they will investigate.But this is happening time and time again.,I understand you're experiencing ongoing issues with your order being marked as delivered despite it not arriving. Let's keep this issue updated and let's see if we can find a resolution together.,2,1,0,0,0,2,5,True,The reply addresses the customer's issue but does not provide a direct solution or grounding in the support pattern.
69,"@AmazonHelp It wasn’t explained to me , 2-3 different reasons are being given to me.",I understand you're still unsure about the reason for the packaging. Let's try reaching out via phone or chat so we can look further into this.,2,2,1,2,0,2,9,True,The reply is consistent with the support pattern and provides a useful next step.
