example_id,customer_message,actual_intent,top_similarity,top_match
1,@AmazonHelp how can you refund back to an account that doesn't exist?!,REFUND,0.8207972049713135,"@AmazonHelp I'm going in circles! this just brings me back to the 'return' option, and only lets me get a refund, not a replacement!"
2,"@AmazonHelp Current status is On the Way, last location was last night @ 9:16pm at Royal Mail’s National Distribution Centre  : - https://t.co/YY2XiWaC6V",DELIVERY_DELAY,0.7887537479400635,"@AmazonHelp Have shared the details, waiting for some miraculous update now!"
3,@AmazonHelp The package was left at the house next door that is unoccupied. The driver gave it to a contractor working at the house. Had the seller not returned today who knows when i would have received it. That is unacceptable in my opinion and as a Prime member even more so.,DELIVERY_PROBLEM,0.8426275253295898,"@AmazonHelp Thank you for getting back. It's definitely not with a neighbour and it's definitely not been left outside anywhere, there's no note to say they tried to deliver or anything like that."
4,"@AmazonHelp Ben oui...plusieurs fois 
Sans résultats",PACKAGE_NOT_RECEIVED,0.9267120361328125,@AmazonHelp oui plusieurs fois.
5,@AmazonHelp I've called customer service several times and tried to change the delivery instructions but they won't deliver if I don't answer the door,DELIVERY_INSTRUCTIONS,0.8235705494880676,@AmazonHelp I have already contact to customer service team but no one help me
6,@AmazonHelp Yes I have? Nobody left a card or anything. There wasn’t anyone home and you’ve put the status as “delivered to resident” ?? Where is my order?,PACKAGE_NOT_RECEIVED,0.8522995114326477,@AmazonHelp So to continue this saga. It now shows that my parcel has been delivered and handed to a resident. I can assure you it most certainly hasn't and I still do not have my order!
7,@AmazonHelp Contacted... They have been giving false assurances and unhelpful,CUSTOMER_SERVICE,0.8239627480506897,@AmazonHelp Don’t think your customer service is capable to be honest.
8,@AmazonHelp Ye the 24 of Dec with a 3-4 days shipping ... No problems 😁,DELIVERY_TRACKING,0.8159465789794922,@AmazonHelp It was expected this week between the 23rd-25th. It was delivered by Amazon Shipping. Thanks
9,@AmazonHelp USPS,DELIVERY_TRACKING,0.8417662978172302,@AmazonHelp 7 are USPS and two are UPS.
10,"@AmazonHelp Spoke to customer services who told me it would be here by 9pm. It's now passed 9pm and still no sign. 2 days overdue now. Wtf are you playing at Amazon, yet again? Where can I put an official complaint in?",DELIVERY_DELAY,0.8604756593704224,"@AmazonHelp Still waiting for you to reach out. contacted ur customer care again. As always I have been told they would escalate the issue within 24
hrs"
11,"@AmazonHelp It's out for delivery as of 12:03, the carrier is you guys. I work from home and need lunch but I'd rather not miss the package. 

I'll risk it.",DELIVERY_TRACKING,0.8323495388031006,@AmazonHelp It is today and the package has been out for delivery since 8:21am this morning. Hoping it decides to arrive soon
12,@AmazonHelp Thank you.,RESOLUTION_CONFIRMATION,0.9414712190628052,@AmazonHelp Thanks. Much appreciated 👍
13,@AmazonHelp When it’s suppose to get here this week and I need it this week the money is already gone and idk if my order is coming or not,DELIVERY_DELAY,0.8368462324142456,@AmazonHelp Pretty sure it’s not gonna arrive within the next 7 minutes :(((((
14,"@AmazonHelp Alors je dois pas être doué, mais je clique où pour faire une réclamation sur l'article en question ? https://t.co/nYF5QD3Fxe",CUSTOMER_SERVICE,0.8609073758125305,"@AmazonHelp Oui je viens de voir merci, le problème c'est que je n'ai pas l'article et dans votre lien vous demandez un retour sur l'article"
15,"@AmazonHelp merci beaucoup, appel passé, problème résolu, merci de votre patience !",RESOLUTION_CONFIRMATION,0.8901578783988953,@AmazonHelp J’ose espérer que la situation sera réglée dans la journée car ma patience a des limites aussi.
16,@AmazonHelp Bastards..   Why you cancel order after taking money from customers!!  Using customers money without interest..  Shameful,ORDER_CANCELLATION,0.8201632499694824,@AmazonHelp You just keep taking money out my account when I cancelled my account with you
17,@AmazonHelp Issue is resolved and item is being redelivered,PACKAGE_NOT_RECEIVED,0.8495657444000244,"@AmazonHelp Yes, it has been resolved. Thanks, again. :)"
18,@AmazonHelp My account is on the NL site.,ACCOUNT,0.7594695091247559,@AmazonHelp This link takes me to my account .my number is already there. Please help
19,"@AmazonHelp es vendido por un externo de amazon, pero es enviado por ustedes.
de igual forma el producto decia que estaba en stock, y se supone que ya lo hayan enviado.. Porfavor ayudarme, he tenido el mismo problema con ustedes siempre, nunca envian los productos a la fecha prometida.",ORDER_DISPATCH,0.8780306577682495,@AmazonHelp Vendido y enviado por Amazon
20,"@AmazonHelp No, ordered yesterday (10/26), expected shipping date is November 7th, it’s in stock, so that kinda defeats the purpose of prime shipping",DELIVERY_DELAY,0.8670566082000732,@AmazonHelp Yes actually. I ordered something using amazon prime on Wednesday the 25th and it says it won’t be delivered until Monday the 30th
21,@AmazonHelp Did that. Got same response and I'm asked to follow the same steps which I have been doing since 21st September. That's ridiculous!,CUSTOMER_SERVICE,0.8251472115516663,@AmazonHelp Already did that. I'm not satisfied with their response too.
22,@AmazonHelp Surely will do. If you just send over a #firestick 😂,DEVICE,0.8090736269950867,@AmazonHelp Ok I understand I will send it in message.
23,@AmazonHelp It was from .co.uk thank you,RETURN,0.8323009610176086,@AmazonHelp I'm not sure is it UK. Here's the link: https://t.co/qwmzl3TbRN
24,@AmazonHelp OUI. Via lappli Amazon mobile... Ca va durer longtemps le jeu de se renvoyer la balle la ?,CUSTOMER_SERVICE,0.8561527729034424,"@AmazonHelp Ok, merci, bonne journée."
25,@AmazonHelp 35 minutes and still waiting. That's not good customer service is it?  Being lied to and then lied to again....,CUSTOMER_SERVICE,0.8447552919387817,"@AmazonHelp Still waiting for you to reach out. contacted ur customer care again. As always I have been told they would escalate the issue within 24
hrs"
26,@AmazonHelp No delays. It just didn't ship until today. I ordered it on 10/4 and it was supposed to be here today.,ORDER_DISPATCH,0.8893454074859619,@AmazonHelp I never received an email telling me why it was delayed. I had to go on to the website to see that it wasn't arriving today.
27,@AmazonHelp iOS. It worked a couple of weeks ago.,DEVICE,0.8532141447067261,@AmazonHelp Not sure what happened but it's working now :)
28,@AmazonHelp Vizio smart TV - there is an app but quality and crash rate are terrible. Functions also do not work with other remotes as most apps do,DEVICE,0.7033711075782776,@AmazonHelp I don’t have a smart tv. Could you please let me know why there’s no chrome cast compatible prime video app?
29,"@AmazonHelp Sorry, we live 200 miles apart and she is a 74 year old lady who is very upset by this.  Please can I speak to someone on the phone?",CUSTOMER_SERVICE,0.804000735282898,@AmazonHelp @439817 The lady I spoke to on the phone is amazing thank you to her
30,"@AmazonHelp Si quito mis suscripción ahora, una vez hecho el pedido y a la espera de recibirlo, se aplica algún plus a mi pedido?gracias",OTHER,0.8648278117179871,"@AmazonHelp Buenas tardes, se supone que hoy tendría que llegar el pedido, pues estaba en reparto. No ha venido nadie de ASM"
31,@AmazonHelp Y can't you access my details while you can access my messages here?,ACCOUNT,0.7552558183670044,"@AmazonHelp If you are not able to even check the details, why you are here at twitter? Only for Tweeting?"
32,@AmazonHelp Your response only says we will reach out to you.,CUSTOMER_SERVICE,0.8648754358291626,@AmazonHelp I didn't get a response back yet
33,"@AmazonHelp O status é em processamento. Eu achei estranho pois não pediu o meu código de verificação do meu cartão de crédito, apenas digitei o número do meu cartão e concluí o pedido. Por isso estou confuso se vai ser ou não debitado.",PAYMENT,0.8289615511894226,"@AmazonHelp Eu tentei pelo cartão de débito, foi a primeira vez que tentei comprar com ele e sempre diz que deu erro no processamento e para revisar a forma de pagamento."
34,@AmazonHelp @115821 @AmazonHelp @115850 customer care executives are behaving like Dons .. insisting me for refund ...pls reply,CUSTOMER_SERVICE,0.8507423400878906,@AmazonHelp Come on..looks like most customer centric company on earth is just playing around with customer.@115850  @115851
35,@AmazonHelp You guys keep messing up my orders and driving me crazy.,OTHER,0.8545438647270203,@AmazonHelp Are you serious? Read my previous tweets to you guys:D including the one where your support directs me to my own orders page.
36,@AmazonHelp Yes. Thank you. It will arrive tomorrow. Unfortunately too late for a trip I'm taking. Caught up in the Black Friday madness over the weekend I guess 🤔,DELIVERY_DELAY,0.8417290449142456,"@AmazonHelp Oh.. Thank you so much for your assistance... You advised me that the delivery was due to be delivered yesterday &amp; then today, so of course I'll be happy to let you know if it doesn't arrive almost a week late #PATHETICSERVICE"
37,@AmazonHelp It says the 2nd of December....2 days an still not dispatched yet it's been 5 days it didn't take this long when I ordered it off the American site,ORDER_DISPATCH,0.8618468642234802,"@AmazonHelp it currently says ""dispatched"" Expected by Novermber 7th, the order was placed on 30th October."
38,@AmazonHelp Spoke to yr CS team who helped as much as poss although cld not change my Xbox OneX delivery address!  Still feel angry at being lied to tho,DELIVERY_INSTRUCTIONS,0.7509938478469849,"@AmazonHelp You apparently tried to deliver !
You did not! Rather you didn’t lie considering we had one delivered in the morning"
39,@AmazonHelp After dealing w/this an hour I was hung up on by Mike. He refused to transfer me to someone in the US &amp; told me no one else will talk to me.,CUSTOMER_SERVICE,0.7863562107086182,"@AmazonHelp I was just speaking with an entirely unhelpful agent who refused to assist me, refused to connect me with a supervisor, and when I asked for her name she hung up on me."
40,"@AmazonHelp ok, so I purchased a motinor which is defective and you guys considering it to be replaced rather than retrun which in turn I agree to order from amazon again buy not the same brand as box piece is defective, I want different brand option. Can you help me with this issue.",OTHER,0.7366251945495605,"@AmazonHelp I don't  understand the response which you have provided,  I want a replacement of the faulty product, which you guys have provided."
41,@AmazonHelp I had dropped email pl check it,CUSTOMER_SERVICE,0.8522856831550598,@AmazonHelp Plz check Ur emails have responded. In case you r unable to search it's Ur mistake again. Have posted a screen shot of my response as well
42,@AmazonHelp Pues dice vendido por InLife MX,SELLER,0.8833299875259399,@AmazonHelp Vendido y enviado por Amazon
43,@AmazonHelp No according to my app it's still out for today. No explanation of a delay either. Why is it now 2 days late??,DELIVERY_DELAY,0.8720651268959045,@AmazonHelp I never received an email telling me why it was delayed. I had to go on to the website to see that it wasn't arriving today.
44,"@AmazonHelp Yes they were, I have private messaged you. You did this to a Harry Potter book. Be ashamed.",CUSTOMER_SERVICE,0.7427958846092224,"@AmazonHelp And you people fool your customers, very shameful."
45,@AmazonHelp Tomorrow. But that isn't the issue. Why would my package even leave IL if it's being shipped to an IL address?,DELIVERY_PROBLEM,0.733639657497406,"@AmazonHelp All my past orders were being delivered at same address, still couldn't understand the problem."
46,@AmazonHelp I already replied,CUSTOMER_SERVICE,0.8894397020339966,@AmazonHelp I didn't get a response back yet
47,@AmazonHelp I sent this in yesterday on your site. Haven't heard anything yet. But I got 8 more emails from sellers this morning.,CUSTOMER_SERVICE,0.850849986076355,"@AmazonHelp By seller, i have emailed them"
48,@AmazonHelp It's very troubling you need me to go out of my way to write to you and tell you that he packaging can be improved upon. Is there not an evaluation team capable of identifying that?,OTHER,0.7696354985237122,@AmazonHelp I already did. They confirmed it was happened during packaging of courier. I want to file complaint about this.
49,@AmazonHelp Still order not receive. it should deliver on 16 oct today is 18 oct. I call customer care they do not have any reason why it was delay,DELIVERY_DELAY,0.8715754151344299,"@AmazonHelp My apologies, it says now that the delivery date is October 31st. Still hasn't come though."
50,@AmazonHelp And note that's luggage. Luggage that was going to be used on Monday AM.,DELIVERY_DELAY,0.7577819228172302,@AmazonHelp Omg no - this was yesterday. I checked after 10 pm last night and now it's saying it'll be here Friday.
51,@AmazonHelp Il c’est perdu ou pas ? https://t.co/Z50YYKFA1W,PACKAGE_NOT_RECEIVED,0.8736097812652588,@AmazonHelp oui plusieurs fois.
52,@AmazonHelp Clicked on link and it says can't find @146898 !!!!!  Hope that's not the case tomorrow,WEBSITE_OR_APP,0.844071090221405,@AmazonHelp There's no number on that link
53,"@AmazonHelp Sony Bravia 4K, Baujahr ende 2016",DEVICE,0.7319611310958862,@AmazonHelp Diese Seite sagt Panasonic von 2017 haben Live-Streaming...
54,@AmazonHelp There is no mail which I got from you today,OTHER,0.9291765689849854,@AmazonHelp I HAVE NOT GOT ANY MAIL
55,"@AmazonHelp jedes mal....
und auch nächstes mal 

Der Bote will einfach nicht 

wohne ja auch oberhalb der 10 Etage 

da hat er bestimmt Höhenangst....",DELIVERY_PROBLEM,0.866875410079956,"@AmazonHelp Die Zahlungsart wurde nicht abgelehnt, und das wurde von mir nie gesagt. Irgendeine Antwort geben hilft auch nicht. Lesen kann helfen."
56,@AmazonHelp Yes it’s enabled,ACCOUNT,0.7792512774467468,"@AmazonHelp Never mind, it is working now. Thanks :)"
57,@AmazonHelp Livraison estimé le 16 oct,DELIVERY_TRACKING,0.8902533650398254,@AmazonHelp En cours de livraison depuis 7:30 ...
58,@AmazonHelp Continuosly getting same revert its more than a 1.5 month when i get my money back u told me on 8th of last mnth returning in 2-4 hours https://t.co/fD7GCOLmti,REFUND,0.8293642401695251,@AmazonHelp It’s been 5 days &amp; there in no revert :(
59,"@AmazonHelp Normalement aujourd'hui, normalement.... mais je prends ce colis en exemple, Colisprive n'est pas un bon livreur, très souvent en retard",DELIVERY_DELAY,0.885650098323822,"@AmazonHelp Oui, on m'a dit ce que je savais déjà : mon colis n'a pas pu être livré hier, et il doit être livré aujourd'hui."
60,@AmazonHelp they tried to deliver today but thats the same problem I had for two weeks that they only try to redeliver instead of bringing it to a post office or whatever because I'm not home before 5,DELIVERY_INSTRUCTIONS,0.8346564769744873,"@AmazonHelp I was promised it would be delivered by today 1pm, but it has not been delivered yet. It has been very bad delivery experience recently 2/n"
61,@AmazonHelp Thanks. I hv reported and discussed with CC exec. He promised me to resolve issue in next 2 hrs. Let’s see,CUSTOMER_SERVICE,0.799196183681488,@AmazonHelp Thanks I had it resolved 10 minutes after you sent that.
62,"@AmazonHelp Can't u access through order I'd ....??
Just looping around same point .
#lostfaith @115851",ACCOUNT,0.7890598773956299,"@AmazonHelp They are telling that they are not able to find my order
I didn't got my refund back"
63,@AmazonHelp Courier is going to be contacted and I've been told to allow 24 hours for a response which I will do because this is a christmas gift that cost a lot of money so I just want to know where it is!,PACKAGE_NOT_RECEIVED,0.879066526889801,@AmazonHelp Can you contact the courier to see where it is?
64,"@AmazonHelp that's just it, I can't get a tracking number from your website.",DELIVERY_TRACKING,0.8359464406967163,@AmazonHelp The website doesn't show me how to contact them.
65,"@AmazonHelp Je l'ai signalé au service client de twitch ici https://t.co/hdO6UWZn1X.
Dois-je le signaler également au votre ?",CUSTOMER_SERVICE,0.8941273093223572,@AmazonHelp comment le signaler à votre service si jamais?
66,"@AmazonHelp It never was given, not that I remember. I pre-ordered them, so I expected them to arrive closer to the release dates. But now it's been weeks since their release and still no dispatch.",ORDER_DISPATCH,0.7960519790649414,@AmazonHelp Not dispatched and delivery date pending. Yesterday it looked like it was gonna come today. Maybe not enough stock for pre-order amount?
67,@AmazonHelp ah. C’est embarrassant! Et que se passe-t-il si le livreur débarque &amp; qu’il n’y a personne pr réceptionner ? (Je serai au ministère à Bercy),DELIVERY_INSTRUCTIONS,0.8458330631256104,@AmazonHelp Nous l'avons fais après réception oui
68,"@AmazonHelp Not sure which carrier it is, but last time I ordered a Christmas present a couple of years ago, (a kindle fire) my account got hacked and my wife was left with a kindle she couldn’t use, after I had to get yet another replacement.",ACCOUNT,0.79830402135849,@AmazonHelp Says carrier is amazon ?
69,"@AmazonHelp It wasn’t explained to me , 2-3 different reasons are being given to me.",OTHER,0.8791795372962952,@AmazonHelp So what is the reason in this case.
70,@AmazonHelp But why aren't phones working?,DEVICE,0.8064325451850891,@AmazonHelp Do u have working phones!??? Y dont u call me up. No email recieved. #AmazonIndia #patheticserviceamazon
71,"@AmazonHelp I've contacted you guys about it multiple times this year. Roughly 10-12 times this year, I've been on the phone with you guys for this, and it keeps happening. Why am I paying $100 for prime 2 day shipping, if it's only actually shipped 2 days occasionally. It's infuriating.",DELIVERY_PROBLEM,0.8337253928184509,"@AmazonHelp I paid for 1day shipping with 1 item...and i pay $99 a year for prime to get 2 day shipping eith the other items....none of which happened. Why should I bother continuing? Everytime AMZL handles my pkgs, there is a problem."
72,@AmazonHelp NEIN! 👎🏻,INSUFFICIENT_CONTEXT,0.8925661444664001,@AmazonHelp あ！わざわざありがとうございますっ🙇‍♀️
73,@AmazonHelp Yes. Nothing helped. Next plz,PACKAGE_NOT_RECEIVED,0.8719592690467834,@AmazonHelp This actually didn't help at all.
74,@AmazonHelp Es geht aber um Melia Pro Rewards?,INSUFFICIENT_CONTEXT,0.8046268820762634,@AmazonHelp Dann werd ich mich da wohl mal melden
75,"@AmazonHelp L'écran ne se déverrouille pas lorsque que je le touche, du coup, je ne peux pas accéder à mon colis.",DEVICE,0.8863826394081116,@AmazonHelp Donc ou est mon colis et pq j’ai pas ete livrée en temp et en heurs
76,@AmazonHelp Kindly share contact no as the website is not helping to relate my issue,CUSTOMER_SERVICE,0.8763748407363892,@AmazonHelp There is no contact no. In this link
77,"@AmazonHelp Nenhuma... comprei em pré-venda e no e-mail de confirmação fala que eu receberia uma nova mensagem com a data de esntrega, mas não recebi 😢",DELIVERY_TRACKING,0.8735307455062866,"@AmazonHelp Já verifiquei, recebi uma mensagem que não tem nem endereço onde eu possa responder. Nada foi resolvido, quero saber o que vou fazer nesse caso, já que até agora não foi entregue, nem atualizado a data de entrega, nem nada."
78,@AmazonHelp 7 de noviembre,DELIVERY_TRACKING,0.9140856862068176,@AmazonHelp Hoy viernes 3 de noviembre.
79,@AmazonHelp *n'ai rien dit la a force ..... j'en ai marre de payer pour rien 😔,PAYMENT,0.861795961856842,@AmazonHelp Je vais faire ça ! Merci !
80,@AmazonHelp Hi there! Yes raised it as delivery feedback  with each delivery and not had anything backand yes my safe place is at the back of the house which is accessible. Quite disappointing as if it then goes missing who take responsibility?,DELIVERY_INSTRUCTIONS,0.8165836334228516,"@AmazonHelp Thank you for getting back. It's definitely not with a neighbour and it's definitely not been left outside anywhere, there's no note to say they tried to deliver or anything like that."
81,@AmazonHelp @115821 Well I left bad feedback and amazon Rep called me 6 times in 4 minutes after 3AM including one call after I said I was sleeping,CUSTOMER_SERVICE,0.8463276624679565,"@AmazonHelp I was on the phone for 3 hours yesterday. I spoke to 8 different people. Finally spoke to ""Pallav"" who said would definately be resolved in 24 hours. Your customer service is worse than @118101 and @252698 which is saying something!"
82,@AmazonHelp Already talk to CS GUY he hang up on me,CUSTOMER_SERVICE,0.7862553000450134,@AmazonHelp I have choose this platform only because cs was not solving my problem. I have already mail you to ask about my refund@amazonIN @AmazonHelp
83,@AmazonHelp It was marked as delivered at 12.27 yesterday afternoon.I have phoned your customer service twice and I'm always told the same thing.That it's been marked as delivered and they will investigate.But this is happening time and time again.,PACKAGE_NOT_RECEIVED,0.8727497458457947,"@AmazonHelp Order guaranteed delivery today but hasn’t turned up, yet all of a sudden it’s now marked as delivered, which it clearly ain’t."
84,"@AmazonHelp No, no other options were offered, both members of staff were very unhelpful",CUSTOMER_SERVICE,0.7609014511108398,@AmazonHelp Already did that. I'm not satisfied with their response too.
85,@AmazonHelp Carrier as it was dispatched yesterday. https://t.co/B6iSP0gad2,DELIVERY_DELAY,0.8861660361289978,@AmazonHelp The carrier was Amazon shipping
86,@AmazonHelp I can’t see anywhere on the order where it allows me 2 make a claim! There’s nothing in there about claiming at all!,OTHER,0.7486246824264526,@AmazonHelp See I am not able to fill this form!without even giving a reason you hav not delivered my order and now  not returning my money!
87,"@AmazonHelp By Amazon, says it is in Wigan at a parcel depot and there is a problem but it should have bn here on Oct 3rd",DELIVERY_DELAY,0.7571817636489868,@AmazonHelp No. It’s delivered via Royal Mail. This is the second time it’s been delivered early. First time worked to my advantage :). Didn’t know if there was a problem with the delivery estimates.
88,"@AmazonHelp Je vais faire ça, merci",RESOLUTION_CONFIRMATION,0.9697203636169434,@AmazonHelp Je vais faire ça ! Merci !
89,@AmazonHelp Nothing helpful - this needs escalating to your security team now.,ACCOUNT,0.8152703642845154,@AmazonHelp That does not help me. This is the most aggravating thing. Getting a third party involved now.
90,@AmazonHelp @115821 how long do you think it will take?,CUSTOMER_SERVICE,0.8484852313995361,@AmazonHelp @115821 @115850 How much more time you need? Its not out for delivery yet?
91,@AmazonHelp Is it coming today as per promise? Today is last estimated date.,DELIVERY_TRACKING,0.8489185571670532,"@AmazonHelp Nope, has been ""Arriving today"" since I last checked."
92,@AmazonHelp No,INSUFFICIENT_CONTEXT,0.8397107124328613,@AmazonHelp yes and yes stll nothing
93,"@AmazonHelp No no, I mean is there a way I can add stuff to my girlfriend's account without being on her account.",ACCOUNT,0.7468608021736145,"@AmazonHelp I do not have an Amazon account, our household does use Amazon but it's in my partners name. This a screen shot if the email.

Thanks Jo https://t.co/3OTyuJFCCr"
94,@AmazonHelp Kindly tell me how 2400 pupkart MRP become 4600 rs on your site,OTHER,0.7574021816253662,@AmazonHelp What do you mean prices are ever changing? Is @115850 a stock exchange? And how can you charge more than MRP? Should I sue you?
95,@AmazonHelp .uk,INSUFFICIENT_CONTEXT,0.8401543498039246,@AmazonHelp That link led me to Amazon UK but I will find the appropriate page for my country. Thank you.
96,@AmazonHelp It doesn’t state a courier.. https://t.co/Qq79zAQlqY,DELIVERY_TRACKING,0.8706555366516113,"@AmazonHelp No, it’s finding where I can see who the courier is"
97,@AmazonHelp No nothing at all,INSUFFICIENT_CONTEXT,0.910018801689148,@AmazonHelp Still nothing 🤷🏻‍♂️
98,"@AmazonHelp No, but I will now. Thanks.",RESOLUTION_CONFIRMATION,0.9299494028091431,"@AmazonHelp Okay, I will. Thanks for your help."
99,"@AmazonHelp お忙しいなかご丁寧にありがとうございます。
かしこまりました。
当方は騙される事なく無事でしたが本日の件は家族に話をして、連絡しないように伝えておきます。",RESOLUTION_CONFIRMATION,0.9089643359184265,"@AmazonHelp 郵便局で誤配があったようで、無事届きました。
お騒がせしました。"
100,@AmazonHelp 11 Nov 2017,DEVICE,0.8751941919326782,@AmazonHelp Friday October 20th
101,@AmazonHelp Yes - not once but many times. Not worth the $100/yr if you don’t honor! Had to have today. Now scheduled for Monday 5 day after ordering !,DELIVERY_PROBLEM,0.7805774807929993,"@AmazonHelp Yes i did, even i tried since last couple of days for 2-3 orders continuously ,but sorry to say it is not responsive and sensible."
102,@AmazonHelp Order number is 407-0590121-7161968,INSUFFICIENT_CONTEXT,0.9081093072891235,@AmazonHelp Please find all details of order no. 405-3693108-4127531.
103,@AmazonHelp Yesterday. Does that mean I will not be getting my camera because you guys are out of stock now?,ORDER_DISPATCH,0.7969011068344116,@AmazonHelp They said the item was out of stock as of yesterday. However I have a shipping notification from you from November 20 that my order shipped
104,"@AmazonHelp I've just given my phone No. For you guys to contact me , Anyways I have proceeded my order with Flipkart ...",CUSTOMER_SERVICE,0.7981722950935364,@AmazonHelp I am tired of logging a complaint again and again. Maybe will try Flipkart next time.
105,@AmazonHelp It's saying Amazon carrier and it says they tried to deliver the package but they didn't because I have just checked with reception. Said they will try tomorrow but I need it today.,DELIVERY_DELAY,0.8519697785377502,@AmazonHelp I just spoke to a rep -- they couldn't deliver the package.
106,"@AmazonHelp As I mentioned, none of my colleagues have record of these purchases so I can't get that information. The credit card is in my name which will be on every order. Do you have any other solutions?",ACCOUNT,0.7851190567016602,"@AmazonHelp it's an interesting read. But Can you tell me how someone can obtain my email, 2 last digits of credit card, and know I just made an order?"
107,@AmazonHelp どうにかできました！ありがとうございました(๑･̑◡･̑๑),RESOLUTION_CONFIRMATION,0.9630921483039856,@AmazonHelp 疑問が解決しました、ありがとうございます！
108,"@AmazonHelp Ur delivery dept has rescheduled the delivery &amp; disgustingly mentioned ""as per customer request""
Its too poor practice Mr @115851",DELIVERY_PROBLEM,0.770503580570221,"@AmazonHelp First it was delayed, then today they claim that they made a delivery attempt"
109,@AmazonHelp Essa é a parte difícil: escolher haha,CASUAL_ENGAGEMENT,0.8707234859466553,@AmazonHelp Vendido e entregue pela Amazon.
110,@AmazonHelp ok..so should i contact customer care on a daily basis or wait till eternity to get this resolved.,CUSTOMER_SERVICE,0.8696233034133911,"@AmazonHelp Still waiting for you to reach out. contacted ur customer care again. As always I have been told they would escalate the issue within 24
hrs"
111,@AmazonHelp You should definitely make it available people..like really,FEEDBACK,0.7732381224632263,@AmazonHelp Thanks for the quick reply. I’ll let you know if it shows up.
112,"@AmazonHelp So why do you have a twitter if it just asks us to email you? My order is unfulfilled, this is a complaint. Why must i email you?",ORDER_DISPATCH,0.8423354029655457,@AmazonHelp Why? Can you get someone to email me? Amazon has not emailed me to inform me of a delay or update me with a new delivery day-Not really my job to chase as I have purchased and paid for something through you.
113,@AmazonHelp I have a complaint against your seller then!,SELLER,0.8235796689987183,@AmazonHelp None! Poor customer service and the rep even sighed “oh my god” clearly showing his dissatisfaction with my “complaint”!
114,"@AmazonHelp I ordered some stuff,and it offered me prime shipping which I gladly accepted it.I check my bank statement today and they charge me almost $12.so I called and they say because I use the free one months ago,but when I was checking out it never told me I was ineligible for it",PAYMENT,0.7734173536300659,@AmazonHelp But shipping is still not free
115,"@AmazonHelp え、、、アマゾンのカスタマーサービスさん⁇😅
ノリがいいなぁ。ひょっとして関西人とか⁉️",CASUAL_ENGAGEMENT,0.8565800786018372,@AmazonHelp 楽しみにしてたので嬉しいです( ･ㅂ･)و ̑̑
116,@AmazonHelp I was promised a replacement before tomorrow early morning.Bt I don't see any updates on that. https://t.co/fBwzdFFCGb,OTHER,0.823344349861145,@AmazonHelp hi there! The replacement wasn't processed I sent an email 48 hours ago &amp; no1 has responded so nothing is happening on my order.
117,@AmazonHelp I have to return only... No other option i have... Now you have to give me the same product in same price...,RETURN,0.8216765522956848,"@AmazonHelp I'm going in circles! this just brings me back to the 'return' option, and only lets me get a refund, not a replacement!"
118,"@AmazonHelp form filled no reply yet
such an unstrustworthy service by amazon 3 days delayed from expected delivery date",DELIVERY_DELAY,0.866547167301178,@AmazonHelp unforeseen delays. 3/3
119,@AmazonHelp no veo q nada raro.Es 1 envío dentro d la península.Al menos he conseguido guardar la dirección.A ver si la próxima vez lo logro,DELIVERY_INSTRUCTIONS,0.8368552327156067,"@AmazonHelp No he hablado con nadie, seguí el enlace que me mandaron antes, hice click en la opción 'Cambiar Dirección' y mandé el email al que me han contestado esto."
120,"@AmazonHelp Correct. I set the Sonos skill up with my speaker and my Spotify account, but it only plays out of the echo.",DEVICE,0.7342631816864014,@AmazonHelp The Echo DOT is just saying that it cant play music. Playstation 4 Prime-Video-App says connection issue - using German Amazon.
121,@AmazonHelp When?  In coming new year? Busy looting other innocent customers or what? @115851 @12934 @1840,CUSTOMER_SERVICE,0.8056414127349854,@AmazonHelp When it's going to be resolved? @13150 @AmazonHelp @115850
122,@AmazonHelp I have to login to view the page.,WEBSITE_OR_APP,0.8038408756256104,@AmazonHelp I cant get to the site to even loh in
123,"@AmazonHelp I've already reached out three times, spoke with Amazon logistics, and was told there is nothing they can do other than redeliver tmrw",DELIVERY_PROBLEM,0.8051269054412842,@AmazonHelp I have already contact to customer service team but no one help me
124,@AmazonHelp November 7th. It’s said “Out for delivery” and “Arriving today by 8pm” every day since the 7th.,DELIVERY_PROBLEM,0.8945651054382324,@AmazonHelp Nope. It says will deliver by 8pm. Except this is a business and you always deliver before 5. No dice this time. Tracking hasn’t been updated since 9am (out for delivery according to usps)
125,"@AmazonHelp It says expected yesterday, another says already delivered. I have none of these items.",PACKAGE_NOT_RECEIVED,0.8855769634246826,@AmazonHelp It says everything has been deliver yesterday but nothing was delivered
126,@AmazonHelp Then surely it should have been updated on my acc and not asked for a review.,FEEDBACK,0.8070259690284729,@AmazonHelp Is it an innocent question ? Dont you ever wonder why there is no single review on @115833 ? Clicking on review button take you to list of other product that you have not reviewed. You should have put some effor to click on write review before asking customer.
127,"@AmazonHelp Link provided is for buyers, we are seller on Amazon.in",SELLER,0.8136842250823975,@AmazonHelp Shipped and sold by amazon.
128,"@AmazonHelp ""Alexa, What's the weather like"" 
""Currently in Kozhikode, Kansas, it is..."" for fuck's sake, I live in Kozhikode but Kozhikode is NOT in Kansas. Is Alexa actually intelligent? You tell me @115850. She's your kid.",DEVICE,0.7283951640129089,"@AmazonHelp Okay, can you guys hold a meeting &amp; suggest you STOP treating customers like IDIOTS? Your default should NOT be ""are you too stupid to know your own location"". Okay? FFS. I know my own damn location."
129,@AmazonHelp Is there a way to find out if my package has been lost? There hasn’t been an update on it since early Sunday.,PACKAGE_NOT_RECEIVED,0.8674020171165466,"@AmazonHelp In the back of my mind, I'm thinking they may have lost the package."
130,"@AmazonHelp Guideline says I should not be directly or indirectly associated with product as in biased comment, which am satisfying. Then why not allow?",FEEDBACK,0.7244717478752136,@AmazonHelp What good would this do? Already been told a few times today by your staff that I do not matter and this is not a big deal to your company.
131,@AmazonHelp D'accord merci,RESOLUTION_CONFIRMATION,0.887284517288208,@AmazonHelp D’accord merci beaucoup
132,"@AmazonHelp It SAID same day, but then it said it would send me confirmation, and when I got the confirmation it said Nov 5th.",DELIVERY_TRACKING,0.8371248245239258,@AmazonHelp When I was shopping for the item (on Monday) it said have this item by 11/29. After order completion it gave me a date of Dec1. 🤔
133,@AmazonHelp Thanks!,RESOLUTION_CONFIRMATION,0.9620009660720825,@AmazonHelp Thanks !! For Helping
134,@AmazonHelp Why am I not surprised this still is unresolved,CUSTOMER_SERVICE,0.8912910223007202,"@AmazonHelp The details were shared as requested. But, still unresolved."
135,@AmazonHelp Enough of this nuisance!! Its been 8 months since my money is not refunded and even now i just got an email on 30th oct syaing the matter,REFUND,0.8457126617431641,@AmazonHelp Still not got refund while it's showing refund issued on 29 SEP registered email __email__ https://t.co/fHf3y3vFV6
136,@AmazonHelp Expédié par un vendeur tiers je crois,SELLER,0.8599467873573303,@AmazonHelp oui plusieurs fois.
137,"@AmazonHelp Video stutters, no audio and video freezing. Pause for a couple sec &amp; fine for another 20m. I'm on gig internet hardwired tv.",DEVICE,0.7659948468208313,"@AmazonHelp Just says video cannot play please try again in a few mins. Been happening for a few days, other apps working! 💔"
138,@AmazonHelp Yes.,INSUFFICIENT_CONTEXT,0.8835704326629639,@AmazonHelp Yes https://t.co/zxG6d9mJeQ
139,"@AmazonHelp Yes Sir,I reported,they assured me too 4 d return &amp;said pickup agent vl contact U but nothing done.",RETURN,0.7920761108398438,"@AmazonHelp I returned one product, which was picked up by Amazon's representative on 20th October, but still no replacement/refund."
140,@AmazonHelp Yup 😢 I cancelled the order now,ORDER_CANCELLATION,0.910619854927063,@AmazonHelp Just now! I gave you the benefit of the doubt but I have now cancelled the order.
141,@AmazonHelp I still have not received my codes. Pre ordered back in April.,OTHER,0.8053790926933289,@AmazonHelp haven’t received any yet
142,@AmazonHelp J'ai reçu ce mail ce matin malgré avoir annoncé que j'avais bien reçu la commande. 😬À qui dois-je répondre ? https://t.co/RS1HNVHdDE,OTHER,0.8716246485710144,@AmazonHelp Que j'avais commandé le produit en avance avec Amazon Prime et en un jour ouvré je viens d'avoir un mail et un appel du sav
143,@AmazonHelp Werde ich mal machen... Danke,RESOLUTION_CONFIRMATION,0.9444113373756409,"@AmazonHelp Herzlichen Dank, das mache ich."
144,@AmazonHelp We still have not heard back yet from you regarding this fraud case. An amazon vendor is using our name and address and we are receiving multiple amazon return items to our home. This needs to stop immediately. @115821 @115851,ACCOUNT,0.8256357908248901,"@AmazonHelp Have done this process 20 times in 15 days, no one calls. Its big fraud. Get someone to https://t.co/9KB3YJXyo9 7744012286"
145,"@AmazonHelp Sirji , i have already did that , but even tortoise can walk faster than the resolution process of Amzon , check my history via my number @109028, no need to delete this tweet ..",CUSTOMER_SERVICE,0.7719628810882568,@AmazonHelp I want a reply on Twitter. I will not let you get away easy.
146,@AmazonHelp Non c'était pas prévu il me semble. Comme elle est USB c je me suis dit qu'ils mettraient directement le câble plutôt qu'un usb normal,PRODUCT_INFORMATION,0.8445850610733032,@AmazonHelp Ça ne m'aide pas vraiment
147,@AmazonHelp Ok thank you,RESOLUTION_CONFIRMATION,0.9344252943992615,@AmazonHelp Thank you for quick response
148,"@AmazonHelp I just gave you the tracking number. Go to your data base, not Twitter, and hunt the damn thing down. I pay Prime. I expect Prime service",DELIVERY_PROBLEM,0.786335825920105,@AmazonHelp If I don't provide u the tracking no how will u track it...
149,@AmazonHelp Just re-ordered with another email address and now that account has been immediately locked,ACCOUNT,0.8020148873329163,"@AmazonHelp Dear Amazon, my account is locked, I'm not able to contact with account. Atleast when account is locked, you should provide access to HELP."
150,@AmazonHelp Please share the escalation matrix.,CUSTOMER_SERVICE,0.9068917036056519,@AmazonHelp Thanks. Can you please help me with escalation matrix of your organization.
151,@AmazonHelp I have already sent a mail yesterday at 9pm &amp; called customer care but no response as of now. Marked mail to Jeff also.#fraud,ACCOUNT,0.8319032192230225,"@AmazonHelp There is no correspondence in last 24 hrs, are you kidding me. This is just harassment of customer @115851"
152,@AmazonHelp Merci,RESOLUTION_CONFIRMATION,0.8527493476867676,"@AmazonHelp J'espere oui 😅
Merci 👌"
153,@AmazonHelp Nope! 18-20th. Not acceptable,DELIVERY_TRACKING,0.7866352796554565,@AmazonHelp i  have already esclated the issue over there in my profile but was given a date of 24th by 8pm but same has not been done.so now what u say
154,@AmazonHelp Still waiting,CUSTOMER_SERVICE,0.9123223423957825,@AmazonHelp Waiting waiting .....😴😴😴😥
155,@AmazonHelp The delivery date was supposed to be today,DELIVERY_DELAY,0.886317789554596,@AmazonHelp Allegedly arriving today. Was meant to be arriving yesterday.
156,@AmazonHelp i dont have any fax service in my town and u ppl r crazy,ACCOUNT,0.7956593036651611,@AmazonHelp Yes but it's asking for a fax and that I can't do that in only 15
157,"@AmazonHelp #unprofessional order id # 
403-7503264-7181114,403-8300003-6354735,403-5491238-8117144",CUSTOMER_SERVICE,0.8368002772331238,@AmazonHelp Order ID 402-9016349-9673957. Call back +91 90085 67968
158,@AmazonHelp Yes iv done everything iv just sent you a full message now ..,PACKAGE_NOT_RECEIVED,0.8485928773880005,@AmazonHelp I've sent an email now.
159,"@AmazonHelp わかりますが、同じ表品を2セットで別はやっぱり嫌です…
開けると「入るやん」って思ってしまいますし…
でも、わざわざありがとうございます😊",FEEDBACK,0.8972034454345703,@AmazonHelp わざわざリプありがとうございます！楽しみに待ってます(๑˃̵ᴗ˂̵)
160,@AmazonHelp It's on Amazon.in but transaction has been made on .uk,PAYMENT,0.8200793266296387,@AmazonHelp I'm not sure is it UK. Here's the link: https://t.co/qwmzl3TbRN
161,@AmazonHelp Why false assurances then,CUSTOMER_SERVICE,0.8190870881080627,@AmazonHelp All the concerns are unanswered
162,@AmazonHelp Call me option is not working. PL call back,CUSTOMER_SERVICE,0.8663507699966431,@AmazonHelp If you want to call me DM me
163,"@AmazonHelp There's nothing written but the title of the book, but i did pay the price listed for the hardcover book",PRODUCT_INFORMATION,0.7151418924331665,@AmazonHelp It was shipped by Amazon. I filled out the form and hopefully I’ll see the book I ordered by Wednesday?
164,"@AmazonHelp Done
Let's see how responsive Amazon.in is",CUSTOMER_SERVICE,0.8586762547492981,@AmazonHelp Done. I await a swift response.
165,@AmazonHelp I have no contact information. They did not leave a card. I have tweeted them and they have not responded.,DELIVERY_PROBLEM,0.8393155336380005,@AmazonHelp No contact yet. No solution yet by @115850 - shows their casual approach.
166,"@AmazonHelp Tomorrow (19/10). Still says ""Preparing for Dispatch"", can't believe will be delivered on time if it hasn't been dispatched yet",ORDER_DISPATCH,0.8448447585105896,@AmazonHelp Not dispatched and delivery date pending. Yesterday it looked like it was gonna come today. Maybe not enough stock for pre-order amount?
167,"@AmazonHelp This link is not opening either, page can't be loaded error is getting displayed",WEBSITE_OR_APP,0.8594116568565369,@AmazonHelp Your link is not working
168,"@AmazonHelp thank you! Me too, my co worker loves wine and has cats so I figured this would be perfect for her. Any way for a replacement? I logged into my app and don’t see anything thx",OTHER,0.7147598266601562,"@AmazonHelp I haven’t a clue what you mean 😂 but it’s arrived, my cat is happy his food has arrived and thank you for you help! Have a good evening!"
169,@AmazonHelp I am using website. The problem is present on just chrome browser. While it works fine in Firefox. Works fine in chrome on mobile as well. I am using chrome Version 62.0.3202.94 (Official Build) (64-bit) on desktop.,WEBSITE_OR_APP,0.7749130725860596,@AmazonHelp You should have figured it by now I am using app and trying to do it from app. It's not on a browser.
170,@AmazonHelp I’ve tried it on both the app and the desktop site and both have done the same thing,WEBSITE_OR_APP,0.8368868231773376,@AmazonHelp I have done all this but it still does not seem to work
171,@AmazonHelp i did..no one called,CUSTOMER_SERVICE,0.8739410638809204,@AmazonHelp I replied but nobody contacted me thereafter
172,"@AmazonHelp No call no msg,,, what a fantastic response... Total failure of APNI DUKAAN??",CUSTOMER_SERVICE,0.7645245790481567,"@AmazonHelp no attampt, no call, then also received message.. if u cant deliver, dont send msg like this @115851 sir.. what can i do https://t.co/oTgSB7bIcn"
173,"@AmazonHelp I have the ""Amazon Echo, Black (previous generation)"" 
I have seen other @119038 streamers use it on there live streams to play music and would like to know how.",DEVICE,0.759000837802887,@AmazonHelp The Echo DOT is just saying that it cant play music. Playstation 4 Prime-Video-App says connection issue - using German Amazon.
174,@AmazonHelp Amazon EU.,CUSTOMER_SERVICE,0.866805911064148,@AmazonHelp https://t.co/sHYPf1qgmX but I am eu
175,@AmazonHelp I used @145869 and it’s showing the seller to be https://t.co/eFW8uDgHVP LLC,SELLER,0.7732031345367432,@AmazonHelp It says Amazon. https://t.co/6QRY017qoa
176,@AmazonHelp Lp Collect,DELIVERY_PROBLEM,0.7604665756225586,"@AmazonHelp transporteur Lp collect, avez vous besoin d'autre chose?"
177,"@AmazonHelp I’ve already reached out to them and all I was told was that if they can’t try again and deliver it today, I’ll be given a refund.",DELIVERY_PROBLEM,0.8634258508682251,@AmazonHelp @AmazonHelp I have called them up. They offered a refund. You do realise I can't gift my friend a refund. I need the product by today.
178,"@AmazonHelp read tweet carefully and then reply ,package is in my city since early Thursday morning yet no sign of it getting delivered before Saturday😠",DELIVERY_DELAY,0.865885853767395,"@AmazonHelp @115850 No moment in package, and not being delivery despite of being in the destination city from tomorrow."
179,@AmazonHelp UPS.,DELIVERY_PROBLEM,0.81436687707901,@AmazonHelp 7 are USPS and two are UPS.
180,@AmazonHelp Celle du moment est la boutique lego!,CASUAL_ENGAGEMENT,0.8187943696975708,@AmazonHelp Je vais faire ça ! Merci !
181,@AmazonHelp I think its a fake . Still no winner list put at nowhere. What is the fact about one plus 5 contest of 9 th June 2017 winner list??,OTHER,0.7608173489570618,"@AmazonHelp Sorry its Red Tape quize, please give me the list of winners."
182,"@AmazonHelp Quero um Kindle, mas preciso de agora, adianta para mim 💜",PRODUCT_INFORMATION,0.8999123573303223,"@AmazonHelp perdi o meu primeiro kindle, agora que comprei outro pensei que os arquivos poderiam ser resgatados, por ser a mesma conta"
183,@AmazonHelp Both by sellers. One of the items has now changed and is due to be delivered today. The other still says waiting to be dispatched. Why does it matter if it's an Amazon item or a different seller?,ORDER_DISPATCH,0.8179330825805664,@AmazonHelp Two items are supposed to be delivered tomorrow but only one is on its way. Why hasn't the other one shipped?
184,"@AmazonHelp I’m aware of what two day shipping means. I’m also aware that the delivery date was supposed to be yesterday, and that I pay $99 per year and your response is ¯\_(ツ)_/¯",DELIVERY_DELAY,0.8463428616523743,@AmazonHelp They shipped yesterday (Wednesday) and won’t be here until Monday. I think our ideas of two day shipping is a bit different.
185,@AmazonHelp Hahahaha adorei! ❤️,CASUAL_ENGAGEMENT,0.8803079724311829,@AmazonHelp あ！わざわざありがとうございますっ🙇‍♀️
186,"@AmazonHelp Yes, and found it outside my door! But who knows if this note was even for me...",DELIVERY_PROBLEM,0.7872417569160461,"@AmazonHelp First time it’s been left outside my front door. Items are ok, just glad no one stole them"
187,"@AmazonHelp Thanks, I finally found the call option on the website and talk to a rep.",CUSTOMER_SERVICE,0.8416765332221985,@AmazonHelp If you want to call me DM me
188,@AmazonHelp Kaha kaha dalu yst I call u ur representative told me about cancelation mail received and fud process,ORDER_CANCELLATION,0.8128393888473511,"@AmazonHelp What do you mean, are you not aware of grabbing my Rs 34500/- and casually cancelling my order. What nonsense is going on. Send me a email."
189,"@AmazonHelp fui garimpando os novos do SK, além de outros que eu queria faz tempo (tá bem variado)! vcs ainda vão me levar à falência kkkk",CASUAL_ENGAGEMENT,0.8490250110626221,"@AmazonHelp Não diz isso :( kk vou rezar pra q sobre no estoque e vcs prolonguem até a próxima semana então, obg!"
190,@AmazonHelp I don't want return just keep the amount and let me aware the people,RETURN,0.8275647163391113,@AmazonHelp Now you guys want me to return everything and then I get my money back ?
191,@AmazonHelp Oui livraison en soirée impossible car le livreur refuse de rentrer dans l'immeuble (accord avec Amazon selon lui ) indiqué nulle part 1/2,DELIVERY_INSTRUCTIONS,0.8422463536262512,@AmazonHelp En cours de livraison depuis 7:30 ...
192,"@AmazonHelp Just says amazon shipping, other than that there no extra information on the order.",DELIVERY_TRACKING,0.8414512872695923,@AmazonHelp got nothing on that but here is my order# https://t.co/3eVRRZRIOJ
193,@AmazonHelp pcのみですか！タブレットではどうやっても無理…ですよね？,WEBSITE_OR_APP,0.9023460149765015,"@AmazonHelp そうなんですね！
わざわざありがとうございました。"
194,@AmazonHelp Yes all the items in my order are fulfilled by Amazon,SELLER,0.7926516532897949,@AmazonHelp Yes it’s my details on the label and everything was ordered fulfilled by amazon. I’m thinking someone may have put the wrong label on the boxes like it was a mix up
195,@AmazonHelp I have filled the form but i feels that your support going to bad day by day,CUSTOMER_SERVICE,0.824061393737793,"@AmazonHelp Filled the form I expect your response and support
Apart from this I have ordered three more products but now I am afraid that"
196,@AmazonHelp yet another delivery attempt fail. Was told an attempt was made but it wasn't. Been on w/ support for 1 hour.,DELIVERY_PROBLEM,0.8752099871635437,"@AmazonHelp Once again, there was not even an attempt at delivery yesterday. This is really amazingly poor service."
197,"@AmazonHelp All I get is an email saying they couldn't deliver. I've been on the phone with them three times about the first parcel, changed the delivery address, nothing has worked. I spoke with Amazon last night, but tried calling courier again today and can't get through.",DELIVERY_PROBLEM,0.8656986355781555,@AmazonHelp I just spoke to a rep -- they couldn't deliver the package.
198,@AmazonHelp Because I sent everything on Saturday and no email has been received,OTHER,0.8774052858352661,@AmazonHelp I didn't get any email.
199,"@AmazonHelp Thanks ! Hw much time does it take 2 reslv? Cn u share current status, I ws told it's goin 2 take 24-48hrs 2 resolve it, it's +6 dz nw !!!😤",CUSTOMER_SERVICE,0.8229549527168274,@AmazonHelp All details shared and also received that matter wud be solved in24 hrs. It's more than that now.
200,@AmazonHelp Ok it is usually good 🤗 just this time was off,FEEDBACK,0.7937088012695312,@AmazonHelp last time also the same thing happened
